gene_short_name,num_cells_expressed,gene_id,status,term,estimate,std_err,test_val,p_value,normalized_effect,model_component,q_value,intercept
R02D3.7,862,WBGene00019824,OK,embryo.time,-0.0042015930067103,0.0004441967725951,-9.45885532252521,3.49759642637745e-21,-0.0058038724269419,count,2.47280067344886e-18,-1.48875868155754
pat-6,8687,WBGene00003932,OK,embryo.time,0.0020710504458665,8.4454052782957e-05,24.5228071077776,1.33337463195413e-130,0.0028881672331633,count,1.20670404191849e-127,-1.24026433710424
Y66H1A.4,5516,WBGene00022046,OK,embryo.time,-0.0042975620170983,0.0001492115398687,-28.8018072923821,2.84307252233897e-178,-0.006169332317357,count,2.6412143732529e-175,0.698790033717949
madf-1,149,WBGene00021942,OK,embryo.time,0.0097693241532264,0.0007754578181785,12.5981374153572,3.1043672209773395e-36,8.71951120332885e-05,count,2.38725839293157e-33,-9.68922015706914
nhr-41,50,WBGene00022423,OK,embryo.time,0.0067442794269374,0.0011952990371477,5.64233653448838,1.70351549616938e-08,9.2869700050102e-05,count,9.82928441289732e-06,-9.25071902201585
nhr-122,1186,WBGene00003712,OK,embryo.time,-0.0020769726247167,0.0003431083502257,-6.05340156644388,1.44708123498948e-09,-0.0027952930556373,count,8.6246041605373e-07,-1.97246560411971
zip-11,932,WBGene00021082,OK,embryo.time,-0.0042645206942882,0.0004069625988996,-10.4789007781514,1.28576482238903e-25,-0.0059497568231646,count,9.23179142475324e-23,-1.22339237359932
Y37E11B.1,1167,WBGene00021374,OK,embryo.time,-0.0035273861890778,0.0003572651947025,-9.87329927846631,6.23812239245029e-23,-0.0048908150275931,count,4.42906689863971e-20,-1.39720271187393
unc-17,17,WBGene00006756,OK,embryo.time,0.0080551051302175,0.0016231724327682,4.96256895915858,7.02195742453913e-07,2.40870385301011e-05,count,0.0003833988753798,-10.7860259662444
pqn-75,297,WBGene00004157,OK,embryo.time,-0.0139876331796947,0.0021392561192108,-6.53855003806409,6.383402015144429e-11,-0.0200441964446834,count,3.90664203326839e-08,0.397134742894018
nhr-78,850,WBGene00003668,OK,embryo.time,-0.0047207314849418,0.000431755708844,-10.9338021206031,9.76635006246798e-28,-0.0065803077118711,count,7.11966919553916e-25,-1.25021684320773
F19C7.8,3258,WBGene00017597,OK,embryo.time,0.0068156679704419,0.0001165904185988,58.4582168273403,0.0,0.0067684991756746,count,0.0,-3.81615989087774
ubc-9,1470,WBGene00006706,OK,embryo.time,-0.0045862347319059,0.0003405265014433,-13.4680699225096,3.86301654165203e-41,-0.0064737092741699,count,3.0170159190302403e-38,-0.789018622868556
nhr-104,1454,WBGene00003694,OK,embryo.time,0.0012997589953906,0.0002622992504642,4.95525241909869,7.29103582626068e-07,0.0015319925477314,count,0.0003973614525312,-3.10970198915056
eor-1,2996,WBGene00001324,OK,embryo.time,-0.0061995875346916,0.0002273030423641,-27.2745470989321,1.88059667642443e-160,-0.0088930836331583,count,1.7357907323397502e-157,0.558535681248082
pes-1,72,WBGene00003976,OK,embryo.time,-0.0204262359832114,0.0023519964175596,-8.68463737049593,4.12869570585371e-18,-0.0293704878742951,count,2.8488000370390603e-15,1.10435989664069
soc-2,1170,WBGene00004929,OK,embryo.time,0.0052952140960092,0.000238929259606,22.1622672113959,2.36538147182535e-107,0.0028199373353821,count,2.10282412845274e-104,-5.14376154397957
tni-4,311,WBGene00006586,OK,embryo.time,0.006529436018036,0.0004369032805039,14.9448088613665,3.43232806614418e-50,0.0008592765834216,count,2.7733210774445e-47,-6.90728372346397
C46G7.2,3860,WBGene00016722,OK,embryo.time,0.0062088388401293,0.0001091724202136,56.87186221555,0.0,0.0055998051475452,count,0.0,-4.09678547012077
lag-1,1176,WBGene00002245,OK,embryo.time,-0.0043213572773374,0.0004120911686058,-10.4864107909833,1.1881769082390902e-25,-0.0060634004609539,count,8.54299197023906e-23,-1.0346477539453
M03D4.4,7185,WBGene00019751,OK,embryo.time,-0.0057616566264092,0.0001250717538232,-46.066809253754,0.0,-0.0082990529788185,count,0.0,1.83682177755759
dnj-11,2960,WBGene00001029,OK,embryo.time,-0.0038289220319655,0.0002170227104988,-17.6429555375267,4.56074132721012e-69,-0.0054514057195492,count,3.86750864547418e-66,-0.284055420248516
nhr-105,632,WBGene00003695,OK,embryo.time,0.0038311515793813,0.0003583443848437,10.6912560693592,1.3509883157621398e-26,0.0020838590213701,count,9.781155406117901e-24,-5.10930182804924
deb-1,6407,WBGene00000942,OK,embryo.time,0.0032637480595524,0.0001012297240667,32.2410051952786,1.34315940311305e-221,0.0044107182291975,count,1.26525615773249e-218,-1.91168249013104
F42C5.9,3338,WBGene00018349,OK,embryo.time,0.0039771066435792,0.0001394253688014,28.5249856447743,5.61538878333915e-175,0.0045576093122969,count,5.21108079093873e-172,-3.25599551881195
egl-19,2783,WBGene00001187,OK,embryo.time,0.0024233011144139,0.0001717636988471,14.108342628147,5.94729667501302e-45,0.0030321014494701,count,4.7340481533103593e-42,-2.72921847429278
plp-1,8799,WBGene00004046,OK,embryo.time,-0.0019927505557354,0.0001032720011019,-19.296135781941,4.11482200132778e-82,-0.0028573572957719,count,3.5634358531498597e-79,0.487055497773585
hmg-5,3223,WBGene00001975,OK,embryo.time,-0.0067726845925183,0.000216009511377,-31.3536406306513,5.305961542161911e-210,-0.0097310869069362,count,4.9929098111743595e-207,0.896639159031911
itr-1,42,WBGene00002173,OK,embryo.time,0.0062451762540673,0.0013788951980963,4.52911596377248,5.96217248501694e-06,0.0001225580792128,count,0.0031062918646938,-8.89209089957357
zgpa-1,1333,WBGene00016383,OK,embryo.time,-0.0037372233615027,0.0003342472077795,-11.1810159502289,6.3286099703557e-29,-0.0052131632937894,count,4.66418554815215e-26,-1.22900531759056
ric-3,4052,WBGene00004363,OK,embryo.time,0.0033062668536886,0.0001314064568799,25.1606118313422,2.93340532020656e-137,0.0041455833124154,count,2.67233224670818e-134,-2.71373767978615
nhr-31,266,WBGene00003625,OK,embryo.time,0.0030392371489234,0.0005952362683747,5.10593408096859,3.32613161065947e-07,0.0012441473966851,count,0.0001836024649084,-5.53263583860329
nsy-7,1675,WBGene00044508,OK,embryo.time,0.0045088294347228,0.0002105147320045,21.4181183035903,1.75607857547115e-100,0.0035894076979908,count,1.5453491464146102e-97,-4.39946429402183
rabs-5,805,WBGene00021538,OK,embryo.time,-0.0049522382841789,0.000455928506328,-10.8618746479858,2.14123401543596e-27,-0.006896463010542,count,1.55881836323738e-24,-1.27778766996232
nhr-66,2077,WBGene00003656,OK,embryo.time,0.0027346097801638,0.0001978356314495,13.8226352863124,3.13898706728592e-43,0.0031387301292496,count,2.4703828219540197e-40,-3.24764014665512
T26A8.4,1599,WBGene00020827,OK,embryo.time,-0.0011347775420106,0.0002776960268157,-4.08640179343926,4.40066004166706e-05,-0.0015276039778176,count,0.0218272738066686,-1.96938157986526
alp-1,2135,WBGene00001132,OK,embryo.time,0.008250701581336,0.0001368077047441,60.3087493995132,0.0,0.0027055603583307,count,0.0,-5.8329399559118
rad-26,1494,WBGene00007761,OK,embryo.time,-0.0044304095649413,0.0003321295222661,-13.3394030579152,2.1497894493425198e-40,-0.0062490600004738,count,1.67683577048717e-37,-0.823301494466245
D1046.2,796,WBGene00008363,OK,embryo.time,-0.0042309950332024,0.0004723494246244,-8.95734135077396,3.6533139038879e-19,-0.0058012375240096,count,2.54635979100987e-16,-1.65029348697178
bre-1,3011,WBGene00000266,OK,embryo.time,0.001318146618296,0.0001760561339442,7.48708147092036,7.37616709794695e-14,0.0017352297038927,count,4.77238011237168e-11,-2.26165242880346
nhr-11,267,WBGene00003610,OK,embryo.time,0.0058303079522471,0.0005070751170809,11.49791767699,1.7385167450298097e-30,0.0007232521315534,count,1.29519497504721e-27,-6.97175813079933
C01F6.9,1907,WBGene00007223,OK,embryo.time,-0.0015357465155922,0.0002654174406528,-5.78615524215337,7.324446157322489e-09,-0.0021002191810634,count,4.2994498943483e-06,-1.70296366935294
flp-1,462,WBGene00001444,OK,embryo.time,0.003716915225704,0.0004803239387619,7.73835098721978,1.06169944748391e-14,0.0018354439265234,count,6.98598236444413e-12,-5.26017060601324
flh-1,3541,WBGene00012435,OK,embryo.time,-0.0077345565066242,0.0001964058628486,-39.3804767049397,0.0,-0.0111314093168122,count,0.0,1.41311900437794
flh-3,1226,WBGene00012436,OK,embryo.time,-0.0088269273336364,0.0004043682274253,-21.8289339640701,3.01221845418385e-104,-0.0126584781891592,count,2.66280111349852e-101,0.513463355847585
nhr-138,465,WBGene00003728,OK,embryo.time,0.0023978332365168,0.0004451288496615,5.38682954012117,7.26366384611951e-08,0.0016591501236404,count,4.10397007305752e-05,-4.6879569382331
nhr-100,1457,WBGene00003690,OK,embryo.time,0.0024255195497,0.0002405026445061,10.0852094773434,7.46185637438441e-24,0.0026073741500243,count,5.32030359493608e-21,-3.53365011717888
fat-3,2533,WBGene00001395,OK,embryo.time,-0.0057565934974668,0.0002383469895521,-24.1521552602044,8.33384182644962e-127,-0.0082468897336404,count,7.53379301111046e-124,0.352805534556642
bed-3,113,WBGene00009133,OK,embryo.time,0.0052223909239067,0.0008496619664581,6.14643367606106,8.09588751553771e-10,0.0004366727754538,count,4.84134073429155e-07,-7.3961165463937
gon-1,234,WBGene00001650,OK,embryo.time,0.0065830328034891,0.0005222552037913,12.6050114114681,2.84747029267001e-36,0.0005591027268791,count,2.19255212535591e-33,-7.38022025297209
egl-21,188,WBGene00001189,OK,embryo.time,0.0043769937870869,0.0006238599114695,7.01598821565062,2.36676408267162e-12,0.0008523421977039,count,1.49579490024846e-09,-6.46500098725575
miz-1,2559,WBGene00011259,OK,embryo.time,-0.0028977112079761,0.0002301523000798,-12.5904073388379,3.42085928394834e-36,-0.0040901842435217,count,2.62721993007233e-33,-0.790838093018274
rbm-22,3712,WBGene00011722,OK,embryo.time,-0.0031596180339375,0.0001835914654911,-17.2100485471066,7.76380790169037e-66,-0.0044962447936672,count,6.55265386902667e-63,-0.32166777996577
pyk-2,919,WBGene00014001,OK,embryo.time,0.0018530948219261,0.0003434352572481,5.39576174203598,6.91195236872105e-08,0.001830745646086,count,3.91216504069611e-05,-3.83023509257794
rbr-2,2114,WBGene00004319,OK,embryo.time,-0.0027980430820584,0.000260238679368,-10.7518340042811,7.04732113954011e-27,-0.0039237353623751,count,5.11635514730612e-24,-1.05624881629333
Y5F2A.4,667,WBGene00012385,OK,embryo.time,-0.0027537638057905,0.0004816080038942,-5.71785307454142,1.09635395643842e-08,-0.003623770083046,count,6.36981648690722e-06,-2.26379903027967
nhr-67,331,WBGene00003657,OK,embryo.time,-0.0048049635190797,0.0009368441287907,-5.12888256585656,2.94574446484423e-07,-0.0065703124395898,count,0.0001634888177988,-1.70349918678646
mbf-1,1347,WBGene00003148,OK,embryo.time,0.00191118604785,0.0002728096855565,7.00556523112736,2.5493026610693697e-12,0.0020897289627648,count,1.6060606764737e-09,-3.46491988659944
let-60,4041,WBGene00002335,OK,embryo.time,-0.0026019530181515,0.0001744109019295,-14.9185228065731,5.06585856929754e-50,-0.0036982395536079,count,4.08814786542312e-47,-0.406173047288933
tbx-36,12,WBGene00006555,OK,embryo.time,0.0095847565601746,0.0016677235795462,5.74720935635047,9.223602086506482e-09,9.87758967721675e-06,count,5.36813641434677e-06,-11.853425462733
unc-22,624,WBGene00006759,OK,embryo.time,0.0102528238035713,0.0003003708165474,34.1338879769398,2.73838109687217e-247,0.0003455313542677,count,2.604200423125429e-244,-8.34340176199349
repo-1,4901,WBGene00008683,OK,embryo.time,-0.0055093021857434,0.0001591583089109,-34.6152345010495,5.01215934153015e-254,-0.0079169591479168,count,4.7715756931367e-251,0.931247978220307
dhhc-6,1738,WBGene00010892,OK,embryo.time,-0.0055506071977309,0.0003012344678294,-18.4262021465386,4.14825029989186e-75,-0.0079064408842692,count,3.55505050700732e-72,-0.245960672332898
ham-1,1089,WBGene00001820,OK,embryo.time,-0.0067994652019603,0.0004594751487144,-14.7983307062077,2.97872117827015e-49,-0.0097284841771712,count,2.39787054850747e-46,0.185725047508696
unc-31,308,WBGene00006767,OK,embryo.time,-0.0040144359797817,0.0007685460699187,-5.22341618402431,1.77662288305399e-07,-0.0052082210486862,count,9.94908814510234e-05,-2.41401757546978
ced-3,182,WBGene00000417,OK,embryo.time,-0.0074211422811169,0.0011697120738077,-6.34441795317975,2.28741993704322e-10,-0.0097963735116975,count,1.3816016419741e-07,-2.22521350206239
lin-54,723,WBGene00003037,OK,embryo.time,-0.0067893660273923,0.0005544326517049,-12.2456100060383,2.45033623476994e-34,-0.0095729450017776,count,1.8622555384251504e-31,-0.837933679563577
unc-26,718,WBGene00006763,OK,embryo.time,-0.002066271742029,0.0004559874168375,-4.53142272293262,5.89750208435114e-06,-0.0026741925376258,count,0.0030784960880313,-2.43895452747919
Y67H2A.10,1813,WBGene00013465,OK,embryo.time,-0.0074924569358243,0.0003118200282308,-24.0281452680701,1.50944888986128e-125,-0.0107401867818974,count,1.36303234754474e-122,0.444139401843497
aptf-2,212,WBGene00013383,OK,embryo.time,-0.0037162792437243,0.0008514698314495,-4.36454599618382,1.28116285299414e-05,-0.0044128510147511,count,0.00655955380733,-3.0660296192777
tlp-1,3379,WBGene00006580,OK,embryo.time,-0.0047225332762596,0.0002184795196708,-21.615450653568,2.78076634734258e-102,-0.0067743263190752,count,2.4526359183561598e-99,0.558404377831926
ccar-1,5929,WBGene00003085,OK,embryo.time,-0.0052812470766884,0.0001444531518302,-36.5602758387338,4.40872032211916e-282,-0.0075954600152893,count,4.2191453482680406e-279,1.1643973843651
F55B11.4,34,WBGene00010086,OK,embryo.time,0.0087308974801673,0.0011590122460977,7.53305024132653,5.19778317876124e-14,3.59203732072643e-05,count,3.3733612830160395e-11,-10.4665147303399
dmd-6,905,WBGene00007058,OK,embryo.time,0.0049127978491828,0.0002878160116992,17.0692305135423,8.40373519406392e-65,0.0025409069433214,count,7.075945033401819e-62,-5.1895211523082
Y57G11C.3,1924,WBGene00013301,OK,embryo.time,-0.0021381100171041,0.0002629652689702,-8.13076960876528,4.54805360809218e-16,-0.0029586528251168,count,3.05629202463794e-13,-1.44779745747209
hlh-32,130,WBGene00013665,OK,embryo.time,0.0046820502035835,0.0007471147025068,6.26684254489098,3.77047378205927e-10,0.0005742173287647,count,2.26605474301762e-07,-6.98366709712964
rho-1,2917,WBGene00004357,OK,embryo.time,-0.0025576018809282,0.0002170584413138,-11.7830104438588,6.30353418115909e-32,-0.0036114235046329,count,4.74025770423164e-29,-0.774062396911836
zip-7,476,WBGene00013100,OK,embryo.time,-0.0124991894649831,0.0010181533832931,-12.2763324957533,1.6825165687934092e-34,-0.0179555528898481,count,1.28039510885179e-31,0.853379831039747
uaf-2,3873,WBGene00006698,OK,embryo.time,-0.0044051052893242,0.0001867685932734,-23.585899599698,4.12842770583201e-121,-0.0063062461016803,count,3.70732807983714e-118,0.254968962539201
ceh-88,612,WBGene00008195,OK,embryo.time,0.00210804836958,0.0003938037657274,5.35304269040216,8.75763148109069e-08,0.0017618925888667,count,4.93930415533515e-05,-4.28620990290695
pck-1,3964,WBGene00021043,OK,embryo.time,0.0087262915442138,9.33940490922903e-05,93.4351988057684,0.0,0.0061310639402309,count,0.0,-4.66153334696071
pat-4,7275,WBGene00003931,OK,embryo.time,0.0015069616403163,0.0001001133476278,15.0525546894946,6.91185591839335e-51,0.0020999142624936,count,5.61933886165379e-48,-1.26265611457244
F40G9.14,370,WBGene00018248,OK,embryo.time,-0.0037300090038088,0.0006478575136167,-5.75745271978975,8.6821600401341e-09,-0.0048463032387526,count,5.07906362347845e-06,-2.39952943278448
stim-1,303,WBGene00021910,OK,embryo.time,-0.0031751401179496,0.0007462786735776,-4.25463064987251,2.10481777275366e-05,-0.0037950091900787,count,0.010629329752406,-3.02877853794255
unc-45,3301,WBGene00006781,OK,embryo.time,0.0011538041569499,0.0001669902173977,6.90941167051747,5.03405724844344e-12,0.001544751966236,count,3.15635389477404e-09,-2.04924894985183
zip-2,2434,WBGene00019327,OK,embryo.time,-0.0016746579647417,0.0002375577771724,-7.04947648809771,1.8628355561419498e-12,-0.0023294695381224,count,1.181037742594e-09,-1.31167307257299
T24C4.2,680,WBGene00020758,OK,embryo.time,-0.0131473690866872,0.0008743547804989,-15.0366526036311,8.762326713511073e-51,-0.0189061844361807,count,7.10624696465748e-48,1.130272597841
ztf-18,2235,WBGene00020763,OK,embryo.time,-0.0059678893300787,0.0002706430945485,-22.0507725868008,2.6145843159756503e-106,-0.0085351586485809,count,2.3191362882704e-103,0.13647589900486
Y82E9BR.17,2118,WBGene00022349,OK,embryo.time,-0.0129477400920505,0.0003823477990347,-33.8637756637703,1.52120077155781e-243,-0.0186661830289891,count,1.44514073297992e-240,2.63625084507582
Y82E9BR.1,578,WBGene00022334,OK,embryo.time,-0.0121959379788999,0.0009034924933527,-13.4986599984274,2.5625595477971e-41,-0.0175032864587397,count,2.00392156637733e-38,0.652198044177097
nhr-121,55,WBGene00003711,OK,embryo.time,0.0082336199800988,0.0011401098704646,7.22177764915186,5.34179064906869e-13,6.39860573231691e-05,count,3.40806243410582e-10,-9.82771732853717
Y71H2AM.15,5411,WBGene00022180,OK,embryo.time,0.0021009580063296,0.0001182576470165,17.7659378427867,5.334687372943309e-70,0.0028503473952533,count,4.53448426700181e-67,-1.84783100602354
Y53G8AR.9,741,WBGene00021816,OK,embryo.time,-0.0037384154897092,0.0004684925762674,-7.97966857766164,1.5572562768930702e-15,-0.005087997305414,count,1.03868993668768e-12,-1.79027077873187
unc-93,476,WBGene00006822,OK,embryo.time,0.0114505568895533,0.0003760584127229,30.4488784246075,1.78306549349816e-198,0.0001432696423256,count,1.67073236740778e-195,-9.34976843178897
pat-3,12129,WBGene00003930,OK,embryo.time,-0.0005780327539494,7.50899498262588e-05,-7.69787109043045,1.4568907682251998e-14,-0.0008286550633872,count,9.54263453187506e-12,0.452906844617149
har-1,4911,WBGene00007630,OK,embryo.time,0.0018761045356573,0.0001253233938374,14.970106364102,2.35836543998122e-50,0.0025260868053429,count,1.91027600638479e-47,-1.96774404736464
rnf-5,2192,WBGene00004381,OK,embryo.time,-0.0011099444383368,0.000235889140766,-4.70536470959398,2.55348563740821e-06,-0.0015191275838147,count,0.0013584543591011,-1.68768130756026
xbp-1,11670,WBGene00006959,OK,embryo.time,-0.0013704267943978,8.65835338348771e-05,-15.8277992789184,4.89358127449688e-56,-0.0019689597888805,count,4.03720455145993e-53,0.882984694322811
pal-1,417,WBGene00003912,OK,embryo.time,-0.0057211841833634,0.0007155721107239,-7.99525875536889,1.3729524468334901e-15,-0.0078950827195123,count,9.17132234484771e-13,-1.51119325718236
ced-4,1737,WBGene00000418,OK,embryo.time,-0.0081099825401907,0.0003126195804033,-25.9420172265846,1.2448769067779102e-145,-0.0116367681587589,count,1.14279700042212e-142,0.610348656866616
F26F4.8,1232,WBGene00005011,OK,embryo.time,-0.0089046210789137,0.0004025106030622,-22.1226994051053,5.55637866293276e-107,-0.0127681554006498,count,4.93406425268429e-104,0.490931020229576
flh-2,2560,WBGene00016138,OK,embryo.time,-0.0034329933573743,0.0002311642136262,-14.8508858854999,1.37515655203851e-49,-0.0048728852001818,count,1.10837618094304e-46,-0.492503335821408
R144.3,1253,WBGene00020093,OK,embryo.time,-0.0021852802270018,0.0003399180584331,-6.42884416637084,1.31899467888604e-10,-0.0029612471303103,count,8.04586754120484e-08,-1.86531640880786
tbx-2,4810,WBGene00006543,OK,embryo.time,-0.003073409339809,0.0001858995703082,-16.532632833483,6.1835437612655604e-61,-0.0044168349096965,count,5.14470840937295e-58,0.947109946083128
cid-1,613,WBGene00019629,OK,embryo.time,-0.0063669107102959,0.0005778692251118,-11.017909301302,3.87525418260116e-28,-0.0089129632516308,count,2.84056131584665e-25,-1.11453511588861
ztf-8,1816,WBGene00022598,OK,embryo.time,-0.0018283302151898,0.0002719153721906,-6.72389427806294,1.8239151854591398e-11,-0.0025084793415797,count,1.13082741498467e-08,-1.63852282814589
T24G10.2,1783,WBGene00020779,OK,embryo.time,-0.0050122288623006,0.0003001210262368,-16.7006921345958,3.91705777827274e-62,-0.007117845082538,count,3.27074324485774e-59,-0.462100419994373
mlc-3,14948,WBGene00003371,OK,embryo.time,0.0051454959593004,3.36914385951299e-05,152.724139243025,0.0,0.0073883256870929,count,0.0,0.742973039615702
B0336.7,1277,WBGene00015147,OK,embryo.time,-0.0032211118178641,0.0003411199538077,-9.44275402804344,4.07606941933952e-21,-0.0044501397473909,count,2.8777050100537e-18,-1.48577924009536
wrm-1,721,WBGene00006943,OK,embryo.time,-0.0078213726711777,0.000553218632539,-14.1379415137925,3.92576804086244e-45,-0.0111111609408583,count,3.13276289660823e-42,-0.437076516602394
pxl-1,821,WBGene00016197,OK,embryo.time,0.0124880442001593,0.000246292818977,50.7040532161159,0.0,0.0001634752078877,count,0.0,-9.30468407973174
dpff-1,1860,WBGene00016200,OK,embryo.time,-0.0036963132812492,0.0002912548816287,-12.6909916859738,9.62847043146064e-37,-0.0052074916635596,count,7.43317917308761e-34,-0.875070236193526
mlp-1,10969,WBGene00003375,OK,embryo.time,0.0004358684036866,8.06534164423122e-05,5.40421500927216,6.59432970446042e-08,0.000623769849552,count,3.74557927213352e-05,0.209949250258735
ZK328.6,81,WBGene00022695,OK,embryo.time,0.0042572768094013,0.0009661264078233,4.40654222359261,1.05657561218839e-05,0.0003689286101167,count,0.0054413644027702,-7.35764756305696
tbx-11,318,WBGene00006547,OK,embryo.time,-0.0126197523181256,0.0010929317179744,-11.5466978499936,9.91099433923911e-31,-0.0180922503271446,count,7.403512771411619e-28,0.466400992852712
attf-4,2783,WBGene00015477,OK,embryo.time,-0.0041982544294153,0.0002306784913743,-18.1995920139883,2.4633405907854505e-73,-0.0059854216564677,count,2.10615620512156e-70,-0.173994633607367
hmg-1.2,12498,WBGene00001972,OK,embryo.time,-0.0060315828138584,7.43921401818375e-05,-81.0782268007801,0.0,-0.008697802717455,count,0.0,3.09955087314856
nfx-1,1100,WBGene00007048,OK,embryo.time,-0.0037499902667616,0.0003855764382206,-9.72567277208927,2.66860225107014e-22,-0.0051971891883314,count,1.8920389960087301e-19,-1.40825890838199
C16A3.4,4218,WBGene00015809,OK,embryo.time,-0.0029001720727522,0.0001718416043046,-16.8770076634642,2.10518676017414e-63,-0.0041307725331816,count,1.76835687854628e-60,-0.253273762925437
isw-1,1004,WBGene00002169,OK,embryo.time,-0.007060692929327,0.000467606398744,-15.0996499369787,3.41870779988581e-51,-0.010050691734068,count,2.79308427250671e-48,-0.296945093009605
ceh-20,5895,WBGene00000443,OK,embryo.time,-0.0034834989646285,0.0001395025963359,-24.9708539921423,2.91541074933562e-135,-0.0049938130176705,count,2.65302378189541e-132,0.452631222849204
hmg-4,2846,WBGene00001974,OK,embryo.time,-0.0058890425030146,0.0002385758777151,-24.684148956782,2.85645967079174e-132,-0.0084429780897628,count,2.59080892140811e-129,0.466419477432553
tbp-1,1848,WBGene00006542,OK,embryo.time,-0.0035450761026825,0.000283924843077,-12.4859665827848,1.2627733242135998e-35,-0.0049858362446845,count,9.685471396718308e-33,-0.945961113423657
lin-39,3625,WBGene00003024,OK,embryo.time,-0.0020253373462384,0.0001963045458911,-10.3173226939024,6.933212700090051e-25,-0.0028980595126496,count,4.957247080564389e-22,0.19440403216296
ceh-13,2716,WBGene00000437,OK,embryo.time,-0.0033042347777019,0.0002270716037837,-14.5515102841684,1.08422698267688e-47,-0.0047037480651872,count,8.68465813124181e-45,-0.29457785968462
snu-23,1939,WBGene00022794,OK,embryo.time,-0.0040223594299777,0.0002925001417863,-13.7516495048928,8.30722956836201e-43,-0.0056988520090546,count,6.5211752111641795e-40,-0.601316023193492
mab-5,1247,WBGene00003102,OK,embryo.time,-0.0028446178511556,0.0003394689807397,-8.37961054632071,5.70769073397573e-17,-0.0039580466848016,count,3.88693738983747e-14,-1.30295322212334
egl-5,334,WBGene00001174,OK,embryo.time,-0.0036945245612185,0.0006997874377414,-5.27949540383685,1.3108554306968e-07,-0.0047623085017976,count,7.36700752051602e-05,-2.47654008578528
ZK652.6,1269,WBGene00022785,OK,embryo.time,-0.0024719562004978,0.0003336885766182,-7.40797370275595,1.34071485810947e-13,-0.003378384573122,count,8.66101798338718e-11,-1.7146610319854
clp-1,899,WBGene00000542,OK,embryo.time,0.0027776520521332,0.0003284499031026,8.45685148905359,2.96034588584052e-17,0.0023944385395426,count,2.02191624002908e-14,-4.2114230837286
lin-36,2140,WBGene00003021,OK,embryo.time,-0.0045522428984118,0.000272338318835,-16.7153961950119,3.07301211835207e-62,-0.006471849418029,count,2.56903813094233e-59,-0.388359565408319
C50C3.5,60,WBGene00016801,OK,embryo.time,0.0113233903667977,0.0010041684109759,11.2763857566412,2.16744940375064e-29,1.52808003646806e-05,count,1.59957765996797e-26,-11.5844429484031
C02F5.12,2501,WBGene00015352,OK,embryo.time,-0.0037951667568236,0.0002399610677409,-15.815760417105,5.9089096790972485e-56,-0.0053870253534113,count,4.86894157557613e-53,-0.491616700105632
cutc-1,2067,WBGene00022702,OK,embryo.time,-0.0028670398447205,0.0002523150075231,-11.3629382289416,8.13381471458034e-30,-0.0040166706240188,count,6.03529051821861e-27,-1.08962655121683
F42H10.3,4051,WBGene00018367,OK,embryo.time,0.0031408513762447,0.0001317881208329,23.8325833648194,1.41366139753139e-123,0.0039846668998441,count,1.27370891917578e-120,-2.62029212385537
anmt-1,3241,WBGene00015124,OK,embryo.time,0.0019247770817253,0.0001612677923865,11.9352851132978,1.03778003918423e-32,0.0024946229860047,count,7.85599489662462e-30,-2.42700925645817
pat-2,10782,WBGene00003929,OK,embryo.time,-0.0007604092575279,8.56129223800869e-05,-8.88194487920881,7.19450992651466e-19,-0.0010896346865076,count,5.007378908854204e-16,0.386790337637252
F54F2.9,1039,WBGene00018836,OK,embryo.time,-0.005389370592679,0.0004124036900016,-13.0681919763083,7.60358305261032e-39,-0.0075863887002036,count,5.9155876149308296e-36,-0.909208025602259
F44E2.7,2572,WBGene00018420,OK,embryo.time,-0.0035421359978323,0.0002349198618936,-15.07806095781,4.72201876503578e-51,-0.0050214549838488,count,3.84844529350416e-48,-0.567939177164594
ZK637.2,1357,WBGene00014022,OK,embryo.time,-0.0012889478912679,0.0003053982211932,-4.22054812969062,2.44936391230405e-05,-0.0017164922529973,count,0.0123447941180124,-2.11979695509029
arrd-15,1670,WBGene00014033,OK,embryo.time,0.0056830054757397,0.0001873539072023,30.3329968432566,5.077062069885e-197,0.0041840647974642,count,4.75213009741236e-194,-4.56671075454384
ufc-1,2034,WBGene00008041,OK,embryo.time,-0.0041078963235955,0.000272079173829,-15.0981652354478,3.4955413273034e-51,-0.0058201727326853,count,2.85236172307957e-48,-0.600003220450435
emb-9,14664,WBGene00001263,OK,embryo.time,0.0022586143748386,5.50074990048761e-05,41.0601175421278,0.0,0.0032310636315391,count,0.0,0.162698380540492
ech-6,3769,WBGene00001155,OK,embryo.time,0.0007756937102935,0.0001578156894067,4.91518754066569,8.94994079210529e-07,0.0010527839779977,count,0.0004859817850113,-1.84063738441122
dhhc-4,1047,WBGene00014075,OK,embryo.time,-0.003381646817282,0.0003882319466087,-8.71037751226036,3.29424107491156e-18,-0.0046505289228515,count,2.2763205827638903e-15,-1.58877304442196
ttll-4,2004,WBGene00014232,OK,embryo.time,-0.0037654413676238,0.0002725514540771,-13.8155247799832,3.4611640003852498e-43,-0.0053179864864871,count,2.72047490430281e-40,-0.764112609408617
unc-50,2082,WBGene00006785,OK,embryo.time,-0.0044224262594659,0.0002629336148458,-16.8195544797811,5.475525576910371e-63,-0.0062845100061566,count,4.58849043345089e-60,-0.4183586862264
tbx-9,472,WBGene00006546,OK,embryo.time,-0.0184855673722201,0.001100725358092,-16.7939870162178,8.37007194413934e-63,-0.0266488553862111,count,7.00575021724463e-60,2.58984723530032
tbx-8,569,WBGene00006545,OK,embryo.time,-0.0189596950016403,0.0005608863998588,-33.8030927589106,1.04683997548609e-242,-0.0273395874397276,count,9.93451136736299e-240,3.01991235472159
rnf-113,645,WBGene00010476,OK,embryo.time,-0.0047026951652231,0.0005372676983117,-8.75298325211107,2.26376697573988e-18,-0.0064594119700603,count,1.5687905141877402e-15,-1.61378959712893
Y39A1C.1,2640,WBGene00012662,OK,embryo.time,0.0035776535860997,0.0001634209564155,21.8922570554703,7.80632027486097e-105,0.0039940406392364,count,6.90859344325196e-102,-3.37695359288888
cey-4,7109,WBGene00000475,OK,embryo.time,-0.0029679413477868,0.0001208231450549,-24.5643444096394,4.96833455409618e-131,-0.0042562993098068,count,4.50131110601114e-128,0.512421232258647
athp-1,554,WBGene00008081,OK,embryo.time,-0.0039605823973371,0.0005461465818523,-7.25186704255164,4.28216352590429e-13,-0.0052953314470616,count,2.74486682010465e-10,-2.06547923059688
vab-7,540,WBGene00006873,OK,embryo.time,-0.0145610190781246,0.0004900976732307,-29.7104431901058,2.71615469538259e-189,-0.0209876579487426,count,2.53145617609657e-186,2.38585570594235
sup-35,143,WBGene00012976,OK,embryo.time,-0.0072405503002155,0.0012856781713167,-5.63169731099961,1.81183372659699e-08,-0.0095411898488542,count,1.04361622651987e-05,-2.24579588804459
sbp-1,581,WBGene00004735,OK,embryo.time,-0.0033133030002815,0.0005195305153688,-6.37749449217489,1.84513596801629e-10,-0.0043799168378678,count,1.1218426685539e-07,-2.21061501917073
bed-2,1345,WBGene00012943,OK,embryo.time,-0.0047744217476624,0.0003438591058125,-13.8848198781293,1.33289530674641e-43,-0.006736742775375,count,1.05298729232966e-40,-0.806660690485113
ceh-91,210,WBGene00013425,OK,embryo.time,-0.0056389680194661,0.000991221735267,-5.68890674894947,1.29896695966863e-08,-0.0073142314175684,count,7.50802902688468e-06,-2.41539268466241
crh-1,229,WBGene00000793,OK,embryo.time,-0.0048716538878067,0.0008791655145545,-5.54122495384144,3.04690170263873e-08,-0.0061321174286077,count,1.74587467561199e-05,-2.67959455540412
Y56A3A.18,8331,WBGene00013236,OK,embryo.time,-0.0035661036232026,0.0001084869851028,-32.8712575045131,5.21850465130442e-230,-0.0051253674678728,count,4.93148689548268e-227,0.971621676026742
Y56A3A.28,507,WBGene00013240,OK,embryo.time,-0.0028608847172337,0.0005854902154624,-4.88630662251785,1.03653123131282e-06,-0.0036461715457981,count,0.0005597268649089,-2.57861574626904
Y79H2A.3,886,WBGene00013580,OK,embryo.time,-0.0025691115348778,0.0004211227409802,-6.1006240814671,1.0787458060608e-09,-0.0034255194027405,count,6.44011246218298e-07,-2.10296497953341
php-3,329,WBGene00004024,OK,embryo.time,-0.0057828004361703,0.0007991101940587,-7.2365494510826,4.79284943474844e-13,-0.0079289295338447,count,3.067423638239e-10,-1.64959956691696
nob-1,402,WBGene00003779,OK,embryo.time,-0.0070958815581126,0.0007118518742622,-9.96819958571639,2.4232990763041202e-23,-0.0099722220119936,count,1.7253889423285302e-20,-0.973682396745906
zip-1,491,WBGene00006986,OK,embryo.time,0.002825405480118,0.0004244272430733,6.65698426815995,2.8779362580469297e-11,0.0017724717932826,count,1.76993079869886e-08,-4.86873597422899
Y111B2A.10,3289,WBGene00013734,OK,embryo.time,-0.0020214222317759,0.0001936475594518,-10.438666190775,1.9607029457301505e-25,-0.0028502609617051,count,1.4038633091427898e-22,-0.839176377550964
arx-5,1242,WBGene00000203,OK,embryo.time,-0.0047669211312788,0.0003596882044516,-13.2529259294064,6.75351794336517e-40,-0.0067172255172132,count,5.26099047788147e-37,-0.865453901209625
frg-1,1206,WBGene00014177,OK,embryo.time,-0.0046760373595724,0.0003747689831734,-12.4771194242839,1.40981278858506e-35,-0.0065663193927062,count,1.07991659605616e-32,-1.00483707156948
dro-1,95,WBGene00001092,OK,embryo.time,-0.006348145766652,0.001379515265742,-4.60172201373756,4.21950494823177e-06,-0.0077756343258306,count,0.0022236791077181,-2.87511328821178
aldo-1,3621,WBGene00011474,OK,embryo.time,0.0076143400333383,0.0001113079674872,68.4078615864588,0.0,0.00507195661294,count,0.0,-4.76244038454776
hip-1,3710,WBGene00011735,OK,embryo.time,-0.0008897926971449,0.0001734200776677,-5.13085168171558,2.91513734160219e-07,-0.0012442522483965,count,0.000162081636193,-1.15339990474054
lit-1,6672,WBGene00003048,OK,embryo.time,-0.0036240814140931,0.000132501318236,-27.3512857255938,2.51215483796127e-161,-0.0052036334658854,count,2.3237432251141696e-158,0.742475032848967
mdt-29,3565,WBGene00007025,OK,embryo.time,-0.0041471308569935,0.0001956481114499,-21.1968867282117,1.7555728239023902e-98,-0.0059254704723574,count,1.5396373665624e-95,0.0308371014011858
ceh-93,422,WBGene00019864,OK,embryo.time,-0.0028192672306751,0.0006215150226371,-4.5361208144462,5.76786036458653e-06,-0.003512726519712,count,0.0030165909706787,-2.75788909301658
hlh-19,235,WBGene00001962,OK,embryo.time,-0.0049288252593047,0.0009682030041902,-5.09069403624368,3.60450005828016e-07,-0.006441733545942,count,0.0001978870531995,-2.33802305597805
F13C5.2,6488,WBGene00017423,OK,embryo.time,-0.0031050072031376,0.0001309933397738,-23.703550184288,2.77290637320384e-122,-0.0044511513468405,count,2.49561573588346e-119,0.44995621488154
unc-96,3039,WBGene00006825,OK,embryo.time,0.0019469876277477,0.0001693061556563,11.4998041282076,1.70121437175879e-30,0.0025020090160539,count,1.26910592133206e-27,-2.50781745891733
pfn-3,6194,WBGene00003991,OK,embryo.time,0.0032795779486572,9.84994436513156e-05,33.2953956599674,9.47778810093411e-236,0.0043557208106158,count,8.9754653315846e-233,-2.15638186374999
C46H3.2,866,WBGene00016725,OK,embryo.time,-0.0054983293651539,0.0004412712868334,-12.4602019873317,1.73996865559787e-35,-0.0077310135654653,count,1.33107602153237e-32,-0.954712302712397
inso-1,1439,WBGene00016871,OK,embryo.time,-0.0029759215902435,0.000320936022809,-9.27263186038107,2.02238405132294e-20,-0.0041274586862536,count,1.42375837213135e-17,-1.38958140243896
cebp-1,136,WBGene00016997,OK,embryo.time,0.0076170873775052,0.0006716431344605,11.3409740778829,1.04378341377442e-29,0.0002092295393169,count,7.73443509606845e-27,-8.55098813056411
tbx-32,189,WBGene00006551,OK,embryo.time,0.0032156508416711,0.0006973419467277,4.61129702115333,4.02992915606432e-06,0.0008080101126585,count,0.002131832523558,-6.16313534696793
ceh-41,985,WBGene00000462,OK,embryo.time,-0.0039129332628783,0.0003956111070856,-9.89085794810954,5.2403730292215204e-23,-0.0054115727308241,count,3.7259052237765e-20,-1.46051414726799
ceh-21,361,WBGene00000444,OK,embryo.time,-0.0044017964890344,0.0006929510568078,-6.35224731355721,2.17419720380249e-10,-0.0057670540953883,count,1.31538930830051e-07,-2.31191793382601
lsy-2,3932,WBGene00003087,OK,embryo.time,-0.0039697913335095,0.0001831839306143,-21.6710675450418,8.588622871422359e-103,-0.0056760854432545,count,7.58375399546594e-100,0.106796963572795
dhhc-9,4559,WBGene00016620,OK,embryo.time,-0.0030440704559524,0.0001615866112605,-18.8386304546279,2.1677159892822e-78,-0.0043434566602684,count,1.86857118276126e-75,-0.102761306314592
nhr-40,666,WBGene00003630,OK,embryo.time,0.0027181302136594,0.0003703501098426,7.33935306463009,2.24024624773918e-13,0.0020487516980384,count,1.44271858354403e-10,-4.5166698017596
T03G6.3,2512,WBGene00020195,OK,embryo.time,0.0085403321096258,0.0001283417941569,66.5436552895909,0.0,0.0033225764098459,count,0.0,-5.60576118148088
tra-4,1311,WBGene00018740,OK,embryo.time,-0.0039641637890723,0.0003482096948068,-11.3844153341893,6.37064439020006e-30,-0.0055466090934597,count,4.73338878191864e-27,-1.13247075916706
ztf-13,1222,WBGene00018704,OK,embryo.time,-0.0060005897434636,0.0003731690381643,-16.0800847063329,9.11871337704575e-58,-0.0085215241088831,count,7.53205724943979e-55,-0.460767126171026
K10B3.5,636,WBGene00019611,OK,embryo.time,-0.0028927840262368,0.0005066730113725,-5.70937066176196,1.15230871343499e-08,-0.0037732990517007,count,6.68339053792294e-06,-2.35974833955501
unc-78,3571,WBGene00006810,OK,embryo.time,0.001018058068241,0.0001610240051922,6.32239936539652,2.63760766491981e-10,0.0013714761240111,count,1.59047742194665e-07,-1.95953925403744
gyg-1,959,WBGene00006863,OK,embryo.time,0.0088979003108816,0.0002362113118609,37.6692387878509,1.1496857532986e-298,0.0009623945638805,count,1.10369832316666e-295,-7.12235117572815
fkh-2,3987,WBGene00001434,OK,embryo.time,-0.0053033491159782,0.0002078323183279,-25.5174419389893,4.7158491181333e-141,-0.0076379406126125,count,4.31028609397384e-138,1.76005569995078
fkh-9,110,WBGene00001441,OK,embryo.time,0.0053583390582333,0.0007985322302611,6.71023517295086,2.0025984272374888e-11,0.0003954019563795,count,1.23960842646001e-08,-7.52836670048042
ceh-18,326,WBGene00000441,OK,embryo.time,0.007802071270092,0.0004159396442764,18.7577004920114,9.670919959753347e-78,0.000419552260032,count,8.32666208534764e-75,-7.86055687525406
hlh-13,1196,WBGene00001957,OK,embryo.time,0.0041574234905737,0.0003954924240696,10.5120180250063,9.074327237341848e-26,0.0034431623792304,count,6.53351561088613e-23,-4.30880572194748
ets-9,109,WBGene00016865,OK,embryo.time,0.0041638148437102,0.0008883787706582,4.68698147820983,2.79350629483494e-06,0.0004816599154431,count,0.0014833518425573,-7.04713530053759
cst-1,2594,WBGene00017472,OK,embryo.time,-0.0009339784223378,0.0002130695473799,-4.38344396851914,1.17497585278146e-05,-0.0012862356452247,count,0.0060393758832967,-1.55954503184805
spr-3,810,WBGene00005008,OK,embryo.time,-0.0031004937762395,0.0004250868818254,-7.29378842020553,3.1422598737162097e-13,-0.0041871770387103,count,2.01733083892581e-10,-1.91944451124729
ceh-1,14,WBGene00000428,OK,embryo.time,0.0084020046638933,0.0016841373836132,4.98890692982965,6.13034142808351e-07,1.68859924947864e-05,count,0.0003359427102589,-11.1842341881542
dhhc-10,1122,WBGene00019344,OK,embryo.time,-0.0031967935272768,0.0003631522675185,-8.80290118831206,1.4553542296686e-18,-0.0043968357354662,count,1.01001583539001e-15,-1.58632423856768
act-4,17350,WBGene00000066,OK,embryo.time,0.0019742288892566,3.19320302405446e-05,61.8259745586075,0.0,0.0028459035418452,count,0.0,2.51166676986384
syx-3,1484,WBGene00006371,OK,embryo.time,-0.0027537719357458,0.0003119992761321,-8.82621257935033,1.18306456850078e-18,-0.0038097768533692,count,8.22229875108042e-16,-1.45268506910788
unc-97,10373,WBGene00006826,OK,embryo.time,0.0010010569766763,7.7791137750327e-05,12.8685221173813,1.00329355014949e-37,0.0014209039643165,count,7.77552501365855e-35,-0.495760732781384
egl-13,652,WBGene00001182,OK,embryo.time,0.0043462721494136,0.000344379485275,12.6205895973796,2.34083039758897e-36,0.002719860657587,count,1.8047802365411e-33,-4.873846882647
hbl-1,6191,WBGene00001824,OK,embryo.time,0.0010459325282775,0.0001219747327096,8.57499340267116,1.07241087895528e-17,0.0014735319401745,count,7.35673862963322e-15,-0.877826970312125
ctbp-1,621,WBGene00006424,OK,embryo.time,0.0050825401762291,0.0003378126742791,15.0454395681711,7.6860707879759e-51,0.002026553350997,count,6.24108947983643e-48,-5.57021410617205
hsp-25,6339,WBGene00002023,OK,embryo.time,0.0025699282316062,0.0001036162522214,24.8023661974811,1.68415383945148e-133,0.0035015646912054,count,1.52921168622194e-130,-1.77364750219675
ceh-54,15,WBGene00020485,OK,embryo.time,0.0084913723700859,0.0017368607758361,4.8889194161218,1.02288850870818e-06,1.49950908729588e-05,count,0.0005544055717198,-11.3137900362632
mup-2,10829,WBGene00003495,OK,embryo.time,0.0065297752292897,4.59401174706638e-05,142.136668097541,0.0,0.0087420351299928,count,0.0,-2.05233014163025
mdl-1,2094,WBGene00003163,OK,embryo.time,0.0038362108876459,0.0001966794864476,19.5048856234757,7.7262175946948995e-84,0.0039683719978774,count,6.70635687219517e-81,-3.67732720025396
sgca-1,8214,WBGene00019227,OK,embryo.time,0.0042810862873525,7.60316927236034e-05,56.3066023390475,0.0,0.0058691378409936,count,0.0,-1.65722919743075
gei-15,5588,WBGene00001572,OK,embryo.time,0.001387922457708,0.0001200723786656,11.5590485766297,8.593376002585831e-31,0.0019217666010723,count,6.436438625936789e-28,-1.43414227653412
syd-9,10165,WBGene00044068,OK,embryo.time,-0.0050851246915098,9.70901761010409e-05,-52.3752751897146,0.0,-0.0073297371716158,count,0.0,2.41806098244889
sox-2,390,WBGene00004949,OK,embryo.time,0.0021632726560316,0.0004985367819467,4.33924383188819,1.43774291829314e-05,0.0015539470995421,count,0.007318111454112,-4.61461379001855
unc-98,12414,WBGene00006827,OK,embryo.time,0.0013700565523522,6.52246707222425e-05,21.0051892509591,9.15023604190598e-97,0.0019551072924503,count,8.00645653666773e-94,-0.0941484298458587
F26A10.2,804,WBGene00017814,OK,embryo.time,0.0072756204095738,0.0002699768541274,26.9490524774367,9.06739403481754e-157,0.0014353035766449,count,8.35106990606695e-154,-6.45143455080155
tnt-3,13068,WBGene00006588,OK,embryo.time,0.0022773535674387,6.57139745949725e-05,34.6555444481201,1.35541545427351e-254,0.0032768697783313,count,1.29171092792266e-251,1.32997628823507
tnt-2,855,WBGene00006587,OK,embryo.time,0.0133838762234761,0.0002523562532886,53.0356432585248,0.0,0.0001010547853536,count,0.0,-9.85927828359848
zig-12,4291,WBGene00019727,OK,embryo.time,0.0051407683073267,0.0001157495144902,44.4128714488853,0.0,0.0058325356550602,count,0.0,-3.30425735938369
unc-27,6949,WBGene00006764,OK,embryo.time,0.0046093585080981,8.55926629949626e-05,53.8522619441042,0.0,0.005879881036955,count,0.0,-2.57459577948346
twk-18,4166,WBGene00006672,OK,embryo.time,0.0047690141654214,0.0001158549317935,41.1636698722423,0.0,0.005546551969039,count,0.0,-3.18232052140788
F15G9.1,436,WBGene00008865,OK,embryo.time,0.0041277322962037,0.0004267691201164,9.67205006556541,4.50074853688989e-22,0.0017743499791691,count,3.1865299641180403e-19,-5.46428102582327
vab-15,496,WBGene00006881,OK,embryo.time,-0.0046621296464316,0.0005982844931467,-7.79249621181136,6.935846795966611e-15,-0.0063444717396395,count,4.57765888533796e-12,-1.79176621255989
cysl-1,2005,WBGene00007653,OK,embryo.time,0.0043992648649645,0.000184428046079,23.853556758277,8.70212530884168e-124,0.0039430500985013,count,7.8493170285752e-121,-4.11244404261414
unc-58,169,WBGene00006792,OK,embryo.time,0.0113712718341128,0.0006729360784944,16.8979969978026,1.48350920035347e-63,5.85168375226545e-05,count,1.24763123749727e-60,-10.2433316685545
myrf-2,4974,WBGene00008999,OK,embryo.time,-0.006546966139079,0.00016129853904,-40.5891223692673,0.0,-0.0094216391486996,count,0.0,1.38608014022504
sex-1,3332,WBGene00004786,OK,embryo.time,-0.0122866378690654,0.0002316273573456,-53.044847594273,0.0,-0.0177175087563131,count,0.0,3.05949873824072
pkn-1,4115,WBGene00009793,OK,embryo.time,-0.0009373677935502,0.0001629986894844,-5.75076889584103,9.03183196912966e-09,-0.0013166405282816,count,5.26555803800259e-06,-0.996882869301248
daf-12,30,WBGene00000908,OK,embryo.time,0.0096264155764452,0.0012805712515791,7.51728227896309,5.86221106379789e-14,1.71249308500351e-05,count,3.798712769341029e-11,-11.3069972046438
sma-9,2700,WBGene00004862,OK,embryo.time,-0.0020175089879371,0.0002201393693335,-9.16468959661599,5.50660356015293e-20,-0.0028281418122819,count,3.8601290956672e-17,-1.06968620102224
pxn-2,4606,WBGene00004257,OK,embryo.time,-0.0089837589106125,0.0001698045950427,-52.9064534934895,0.0,-0.0129502153746174,count,0.0,2.506484936565
egl-15,906,WBGene00001184,OK,embryo.time,0.0027131630626399,0.0003157510355162,8.59272894609513,9.197095165899129e-18,0.0027106900668507,count,6.318404378972701e-15,-3.79462122369428
ldb-1,4919,WBGene00002261,OK,embryo.time,-0.0011617677355554,0.000146810636308,-7.91337579327538,2.6535475085372404e-15,-0.0016425182291824,count,1.76195554566873e-12,-0.713888266882183
alr-1,418,WBGene00044330,OK,embryo.time,0.0031256203619109,0.0004687145865974,6.66849390073562,2.66160357082908e-11,0.0016304095893267,count,1.63954779963071e-08,-5.17531269325064
C34F6.9,342,WBGene00007943,OK,embryo.time,-0.0046639239364256,0.0007291149982985,-6.39669180761477,1.628006238746e-10,-0.0061309237050473,count,9.91455799396314e-08,-2.2748194219616
hizr-1,7,WBGene00013976,OK,embryo.time,0.0094224299782741,0.0021711356373264,4.33986242788444,1.43370601975215e-05,4.10262271719523e-06,count,0.0073119007007359,-12.7153180071655
tni-1,12530,WBGene00006584,OK,embryo.time,0.003595646353519,5.50917349231852e-05,65.2665296987383,0.0,0.0050974330587263,count,0.0,-0.570152605971678
hnd-1,1818,WBGene00001981,OK,embryo.time,-0.0190521823489616,0.0007506231389768,-25.3818212624404,1.32222566702401e-139,-0.0274847396642394,count,1.20719203399292e-136,5.06652511002952
nfya-1,386,WBGene00011614,OK,embryo.time,-0.0026446714560165,0.0006421752155544,-4.11830197111113,3.8342518323026e-05,-0.0032404411046182,count,0.01913291664319,-2.87477605690335
ceh-40,430,WBGene00000461,OK,embryo.time,-0.0121069495034727,0.0011258314521829,-10.7537851069958,6.90073579098515e-27,-0.0173496526141869,count,5.0168349200462e-24,0.400185077660571
myo-2,127,WBGene00003514,OK,embryo.time,0.0064298954503366,0.0007056379935503,9.1121729684447,8.92789020644371e-20,0.0003890860355661,count,6.2495231445106e-17,-7.73696391921042
atf-6,665,WBGene00000222,OK,embryo.time,-0.0035210972843195,0.000493446086628,-7.13572846099798,1.00041592332586e-12,-0.0047379547941928,count,6.372649431585731e-10,-1.97460991938081
nhr-26,1,WBGene00011568,OK,embryo.time,0.0169823548402481,0.0028412616494644,5.97704714856136,2.31622302584857e-09,1.13412621901961e-08,count,1.3735202543282e-06,-19.1994236472703
ceh-28,25,WBGene00000450,OK,embryo.time,0.0070731120123172,0.0013784236232503,5.13130498709736,2.90813496292066e-07,5.56787605671025e-05,count,0.0001619831174346,-9.81420748318375
nhr-32,801,WBGene00003626,OK,embryo.time,0.00459725915418,0.0003140880442267,14.6368486119829,3.1495094852881696e-48,0.0023267136701869,count,2.5290561166864e-45,-5.22295878260896
K09A11.1,284,WBGene00010704,OK,embryo.time,-0.0048935813073829,0.0008258526184498,-5.9254898489861,3.17200636351279e-09,-0.0063448428199662,count,1.86831174810903e-06,-2.41975111103144
mxl-3,261,WBGene00003511,OK,embryo.time,0.006951219764882,0.0004610532759021,15.0768254520691,4.8100439855265e-51,0.0005728225484868,count,3.91537580421857e-48,-7.41244119989631
nhr-71,331,WBGene00003661,OK,embryo.time,0.002768943948096,0.000574943540442,4.81602758066797,1.47668025216687e-06,0.0013185473203584,count,0.0007944539756657,-5.31441992949016
dyc-1,1852,WBGene00001116,OK,embryo.time,0.0064790219718346,0.0001670703851544,38.7801941429897,1.06242353e-315,0.0034226676593664,count,1.022051433775e-312,-5.15710057844502
F16B12.6,1086,WBGene00008882,OK,embryo.time,-0.0060032776893772,0.0004262287408043,-14.0846383987343,8.2894334154481e-45,-0.0085009583943239,count,6.581810131865789e-42,-0.629035141398484
K04C1.3,450,WBGene00010553,OK,embryo.time,-0.0029120899423306,0.0005882000362442,-4.95084964789341,7.45771439540162e-07,-0.0037096618071626,count,0.0004056996631098,-2.58267493646471
ztf-14,152,WBGene00010936,OK,embryo.time,0.0058043097604194,0.0006653992421893,8.72304834811912,2.9470166908433497e-18,0.0004048247840802,count,2.0393355500636e-15,-7.58793658780482
nhr-3,1014,WBGene00003602,OK,embryo.time,0.0067467303241595,0.0002477664201167,27.2302046458945,6.004047037551249e-160,0.0019058264254803,count,5.53573136862225e-157,-6.02129104741903
dmd-4,215,WBGene00007776,OK,embryo.time,0.0029261582233173,0.0007129499618766,4.10429676665523,4.07383001377298e-05,0.0010825409662223,count,0.0202876734685894,-5.67123083119239
dhhc-1,1943,WBGene00008606,OK,embryo.time,-0.0052763073104193,0.0002839554514707,-18.5814615746635,2.4578117709397302e-76,-0.0075210981196628,count,2.11126031123723e-73,-0.187969909875184
svh-5,482,WBGene00006462,OK,embryo.time,0.0059565184611195,0.0003590122063138,16.5914093068803,2.36309746447925e-61,0.0012852056849079,count,1.9684601879112202e-58,-6.34623236197432
psa-3,534,WBGene00009560,OK,embryo.time,-0.0045361621676689,0.0006207992761997,-7.30697077393085,2.84983151212373e-13,-0.0063591929027459,count,1.83244166229556e-10,-1.0661718938333
gmeb-2,81,WBGene00010010,OK,embryo.time,0.0042805398099127,0.0009647018611817,4.43716342028106,9.17079254264881e-06,0.0003719424683925,count,0.0047412997445494,-7.3548006517752
cpd-2,3429,WBGene00012073,OK,embryo.time,-0.0085071316900889,0.0002055300102067,-41.3911899363543,0.0,-0.012252301221132,count,0.0,1.77302255385909
sdc-1,738,WBGene00004745,OK,embryo.time,-0.0061409156219197,0.000531760604057,-11.5482711112244,9.73260383280141e-31,-0.0086401608888014,count,7.27998766693545e-28,-0.92839717830759
sur-7,334,WBGene00006353,OK,embryo.time,-0.0029312725480486,0.0006834750916916,-4.28877743122061,1.80621188605225e-05,-0.0036365353072625,count,0.0091574942622849,-2.78909474503669
pat-9,10444,WBGene00003933,OK,embryo.time,-0.0039735075218525,9.02934652338767e-05,-44.0065901952088,0.0,-0.0057208577671177,count,0.0,1.5889460502577
T20F7.1,960,WBGene00020630,OK,embryo.time,-0.0047692948343408,0.0004164644323591,-11.4518659068285,2.94896300741942e-30,-0.0066663911356833,count,2.1940284775200487e-27,-1.16507966640905
mlc-2,11547,WBGene00003370,OK,embryo.time,0.0054310697833917,5.05603465403711e-05,107.417574344653,0.0,0.0074749188450128,count,0.0,-1.57595316825352
mlc-1,10843,WBGene00003369,OK,embryo.time,0.0053307497563606,5.33528258947929e-05,99.9150404305186,0.0,0.007340791685313,count,0.0,-1.564150013294
nhr-1,1263,WBGene00003600,OK,embryo.time,0.0043097078577167,0.0002449819040835,17.5919436737144,1.10603360975274e-68,0.0031304648947653,count,9.36810467460571e-66,-4.59338512908724
sup-10,947,WBGene00006319,OK,embryo.time,0.0136816606733824,0.0001916904896081,71.3737061309176,0.0,0.0001158407810293,count,0.0,-9.74424047902265
rcor-1,355,WBGene00022278,OK,embryo.time,-0.0046728982857762,0.0007588376952716,-6.15796805416105,7.5290181022795e-10,-0.0060799590832021,count,4.50988184326542e-07,-2.3847531474745
ztf-3,3458,WBGene00016905,OK,embryo.time,-0.0040684518468069,0.000195278790599,-20.8340692521041,3.03153569738435e-95,-0.0058078726955179,count,2.64956219951392e-92,-0.0578433649066396
zfh-2,207,WBGene00022518,OK,embryo.time,0.0047088609595066,0.0006188762498067,7.60872785306734,2.90813618437543e-14,0.0008403953116608,count,1.8931966560284e-11,-6.56531274086813
smo-1,4093,WBGene00004888,OK,embryo.time,-0.0082034010339933,0.0001970941389407,-41.6217401394124,0.0,-0.0118158021466827,count,0.0,1.82101694856632
dyb-1,3008,WBGene00001115,OK,embryo.time,0.0012991394762551,0.0001753961556811,7.40688683403487,1.35170947058427e-13,0.0017109889521619,count,8.71852608526854e-11,-2.25641730901726
tln-1,9385,WBGene00006771,OK,embryo.time,0.0012610160881068,8.43655249050791e-05,14.9470543747065,3.31996092171926e-50,0.0017809787024685,count,2.68584838567088e-47,-0.765887045849542
ubxn-1,951,WBGene00017733,OK,embryo.time,-0.004742990700248,0.0004187997688838,-11.3251989438494,1.24818770959615e-29,-0.0066192188677547,count,9.236589051011508e-27,-1.21434366296542
scrt-1,158,WBGene00016948,OK,embryo.time,-0.0158998415113071,0.0010419624613572,-15.2595147147585,3.0844306125411202e-52,-0.0228170719983957,count,2.52614867167118e-49,0.637724641677519
ctn-1,2966,WBGene00000832,OK,embryo.time,0.0045331135891695,0.0001464593077928,30.9513519999801,7.710273075835379e-205,0.004678586122475,count,7.24765669128526e-202,-3.68572331023427
pop-1,285,WBGene00004077,OK,embryo.time,-0.0066723866191199,0.0008165122636689,-8.17181433275493,3.24307169693404e-16,-0.0091334132859616,count,2.19231646712741e-13,-1.6822527522874
ztf-23,1927,WBGene00021846,OK,embryo.time,-0.0040434956655869,0.0002736547000201,-14.7759043250115,4.13923797359323e-49,-0.0057142541494586,count,3.3279473307689603e-46,-0.733877203075435
nhr-64,762,WBGene00003654,OK,embryo.time,-0.0028552523635674,0.0004609091084032,-6.19482737813291,5.9650946036023e-10,-0.0037975976914644,count,3.57905676216138e-07,-2.1351156826199
zip-4,1380,WBGene00021552,OK,embryo.time,-0.0059091536828831,0.0003634041289819,-16.2605573564534,5.08665449787661e-59,-0.0083995457640241,count,4.21174992424183e-56,-0.399072588445949
ccb-1,1856,WBGene00000368,OK,embryo.time,0.0013584854627553,0.0002268152391704,5.98939236941879,2.14741981488275e-09,0.0016877094102002,count,1.27556737004035e-06,-2.78115178396094
F21A9.2,141,WBGene00017651,OK,embryo.time,0.0064362068015984,0.0007785774194151,8.26662402620589,1.47562356280839e-16,0.000320105907778,count,1.0019483991469e-13,-7.94086351224327
unc-73,2957,WBGene00006805,OK,embryo.time,0.0015886715027144,0.0001767312321642,8.9891949671789,2.73918645196153e-19,0.0020557006386243,count,1.91195214346915e-16,-2.44255858722921
unc-89,6148,WBGene00006820,OK,embryo.time,0.0039627916697698,9.5981277622818e-05,41.2871319065224,0.0,0.0051375192022055,count,0.0,-2.42513035381125
swsn-2.2,1324,WBGene00015971,OK,embryo.time,-0.0076624347447554,0.0004012165535447,-19.0980025052737,1.7240691411363e-80,-0.0109593184121167,count,1.4895957379417595e-77,0.144227733262891
bet-1,1689,WBGene00022473,OK,embryo.time,-0.0040147030453904,0.000310901433502,-12.9131056108961,5.65856629712238e-38,-0.0056579407242225,count,4.3910474465669705e-35,-0.860570600136278
D1007.4,1417,WBGene00017002,OK,embryo.time,-0.0037153114248309,0.0003201304741399,-11.605616225111,5.0118066912617605e-31,-0.0051994952290532,count,3.7588550184463197e-28,-1.12570109917966
F57C9.4,552,WBGene00019011,OK,embryo.time,-0.002559681454576,0.0005392627854412,-4.74663100010079,2.08467041078292e-06,-0.0032787064097302,count,0.0011152986697688,-2.53487387481672
unc-38,3789,WBGene00006774,OK,embryo.time,0.0037493166744067,0.0001276322190264,29.3759420858246,3.3630802317734e-185,0.0044942109586329,count,3.12766461554926e-182,-3.01532434097505
pat-10,16357,WBGene00003934,OK,embryo.time,0.0035309512185325,3.21701653236024e-05,109.758566143954,0.0,0.0050907177011262,count,0.0,2.71388676600201
unc-63,148,WBGene00006797,OK,embryo.time,0.0039094474570387,0.000704552003316,5.54884158818461,2.91733657645706e-08,0.0006967636569829,count,1.67455119488635e-05,-6.56648306184576
B0261.1,2115,WBGene00015091,OK,embryo.time,-0.0035597041690519,0.0002615875368891,-13.6080801531489,5.85950782347528e-42,-0.0050251518265937,count,4.58799462578114e-39,-0.785431443375463
tns-1,11096,WBGene00006508,OK,embryo.time,0.0016739718394425,7.23517202555181e-05,23.1365865736251,1.10839575977718e-116,0.0023863063714511,count,9.92014205000576e-114,-0.186255473394157
rnt-1,2034,WBGene00004393,OK,embryo.time,0.0016907883100677,0.0002153438425911,7.85157490329579,4.344445584862781e-15,0.0021274063381661,count,2.87602297717916e-12,-2.68599302037852
nhr-2,198,WBGene00003601,OK,embryo.time,-0.0061410986422544,0.0010348385480776,-5.9343543528237,3.00562899175916e-09,-0.0082197064548276,count,1.7733211051379e-06,-2.04931747583841
dhhc-3,1521,WBGene00018009,OK,embryo.time,-0.0039099323083265,0.0003149969757245,-12.4126026903364,3.14054521794989e-35,-0.0054946559934775,count,2.39937654651372e-32,-0.976549169137288
unc-94,9845,WBGene00006823,OK,embryo.time,0.000385768164292,8.29386117861973e-05,4.65124935158724,3.32340960182319e-06,0.0005490361100694,count,0.0017614070889662,-0.313395365762715
let-391,497,WBGene00006492,OK,embryo.time,-0.0030162155081039,0.0005556478883672,-5.42828573859407,5.76542882339088e-08,-0.0038880497687543,count,3.28052900050941e-05,-2.4766528399336
ceh-2,246,WBGene00000429,OK,embryo.time,0.0036388918864469,0.0006102254026645,5.9631930603961,2.5210648829318203e-09,0.0012421161927111,count,1.48994934581271e-06,-5.77838967512805
lpd-2,2939,WBGene00003059,OK,embryo.time,-0.0060684416418247,0.0002202346372875,-27.5544379238598,1.18788091691407e-163,-0.0087043164202873,count,1.09997772906243e-160,0.545602092155263
let-607,2271,WBGene00002783,OK,embryo.time,-0.0056221699399167,0.0002647198327115,-21.2381893805583,7.45665325314785e-99,-0.0080353886621709,count,6.55439820951696e-96,0.0626328266275548
unc-87,3783,WBGene00006819,OK,embryo.time,0.0093406397796844,8.79696043711941e-05,106.180309056193,0.0,0.0039346345798956,count,0.0,-5.49562860664453
ztf-4,1219,WBGene00020399,OK,embryo.time,-0.004314110852341,0.0003654555164987,-11.8047495730067,4.87899066294365e-32,-0.0060467588377698,count,3.68363795052246e-29,-1.07294318533847
F22D6.2,4438,WBGene00009050,OK,embryo.time,0.0009763278622643,0.0001412193194013,6.91355734047718,4.88943172949233e-12,0.0013346221484462,count,3.07056312612118e-09,-1.71225470568005
hlh-2,1065,WBGene00001949,OK,embryo.time,-0.0042532513169547,0.0004030077452816,-10.5537706576384,5.83906172744714e-26,-0.0059437485820032,count,4.20996350548939e-23,-1.17250331734447
myo-1,83,WBGene00002348,OK,embryo.time,0.0056833066831127,0.0008573924297985,6.62859442839717,3.4878154711337297e-11,0.0002823955797165,count,2.13803088380498e-08,-7.94145705946354
unc-15,12041,WBGene00006754,OK,embryo.time,0.0043262075169639,5.48508761158604e-05,78.8721680183514,0.0,0.0061315742938933,count,0.0,-0.585003320848219
pbrm-1,4606,WBGene00007042,OK,embryo.time,-0.0061583383582921,0.0001741315658899,-35.366008034307,1.06601038184837e-264,-0.0088562264452583,count,1.01803991466519e-261,1.14118070342898
dcp-66,2845,WBGene00000938,OK,embryo.time,-0.0045573365651458,0.0002301122215385,-19.8048436309685,2.37860914757689e-86,-0.0065047804725666,count,2.06938995839189e-83,-0.072041243761696
D2030.7,289,WBGene00008417,OK,embryo.time,-0.0038116997891371,0.0007811248841611,-4.87975721478969,1.07150317304884e-06,-0.0047299907091112,count,0.0005775402102733,-2.78684496494303
F26A3.4,366,WBGene00009142,OK,embryo.time,0.0060608491019588,0.0004316469251559,14.0412192204757,1.52074993120701e-44,0.000871886648921,count,1.20443394551595e-41,-6.80861877851246
F27D4.4,1773,WBGene00009189,OK,embryo.time,-0.001524499225625,0.0002740915696217,-5.5620069881342,2.70588205479e-08,-0.0020815087991446,count,1.55588218150425e-05,-1.73321546085043
F27D4.6,689,WBGene00009190,OK,embryo.time,-0.0020510982524352,0.0004453780817917,-4.60529679454246,4.14774907200291e-06,-0.0026401837526319,count,0.0021900115100175,-2.49049831247964
jph-1,3929,WBGene00002179,OK,embryo.time,0.0012299346500999,0.000150889244423,8.15124136119021,3.84291967603324e-16,0.0016643435633395,count,2.5901278616464e-13,-1.8897796681957
spr-4,1533,WBGene00005009,OK,embryo.time,-0.0014885290208911,0.0002905727262859,-5.12274169677757,3.04320166386981e-07,-0.0020136005407707,count,0.0001685933721783,-1.89378632422613
T01G9.2,2296,WBGene00011344,OK,embryo.time,-0.0012956923869678,0.0002358631493539,-5.49340747173524,3.99742418368823e-08,-0.0017843837495135,count,2.27853178470229e-05,-1.55922959308004
mei-1,1042,WBGene00003183,OK,embryo.time,-0.0029794267071333,0.0003742847916677,-7.9603199848367,1.8201599654038703e-15,-0.0040732676518611,count,1.21222653695898e-12,-1.70818613268222
F52B5.7,1513,WBGene00009923,OK,embryo.time,-0.0073555572310886,0.0003347770403118,-21.9715104244808,1.43290978433335e-105,-0.0105315437757906,count,1.26955806891935e-102,0.27509252947857
cep-1,173,WBGene00000467,OK,embryo.time,-0.0064816916313045,0.0012389007328725,-5.23180869889047,1.69792559120618e-07,-0.0085121153768873,count,9.52536256666667e-05,-2.2848797286362
lin-28,5762,WBGene00003014,OK,embryo.time,-0.0024436195315158,0.0001362609004001,-17.9333875259858,2.80704063622386e-71,-0.0034907242271627,count,2.3944056626989503e-68,0.007939147824892
unc-120,10548,WBGene00006844,OK,embryo.time,-0.0033810161867576,9.20482582069093e-05,-36.7309089016948,1.31877105427509e-284,-0.0048667568820245,count,1.26338266999554e-281,1.48713690720489
cdc-5L,2373,WBGene00008386,OK,embryo.time,-0.0052710804923918,0.000260731620398,-20.2164988057247,7.41460896165397e-90,-0.0075303336984569,count,6.46553901456226e-87,0.0170198486136682
F43G9.12,835,WBGene00009672,OK,embryo.time,-0.0041101031343254,0.0004453440315198,-9.22905179687367,3.0345201226353204e-20,-0.0056623483843994,count,2.13326764621263e-17,-1.54980616741608
K07A12.1,1132,WBGene00010620,OK,embryo.time,-0.0029338952169551,0.0003587638365818,-8.17778972626648,3.08684993599698e-16,-0.0040181131687251,count,2.08979740666996e-13,-1.67392460178305
ztf-26,276,WBGene00010137,OK,embryo.time,0.0065715414386929,0.0004653598037932,14.1214204259315,4.95062537256933e-45,0.0005945615035638,count,3.94564842193776e-42,-7.3128846382041
unc-29,2055,WBGene00006765,OK,embryo.time,0.0027176913548511,0.0001979267185801,13.7307957932477,1.10464781727989e-42,0.0031081040240275,count,8.66043888747434e-40,-3.26511756063017
snpc-4,892,WBGene00001568,OK,embryo.time,-0.0071465227291286,0.0004652115227361,-15.3618781561919,6.52636747166839e-53,-0.010151606784799,count,5.35162132676808e-50,-0.442883623111059
rsbp-1,3184,WBGene00011531,OK,embryo.time,0.0018280074307692,0.0001658256580846,11.0236705940626,3.63657955871458e-28,0.002364325319861,count,2.6692493960965e-25,-2.44705853862854
mef-2,33,WBGene00003182,OK,embryo.time,0.0079913703957886,0.0014014979667859,5.70202068442174,1.20302967875964e-08,4.16845568242965e-05,count,6.96554184001832e-06,-10.2280461072786
gei-17,2414,WBGene00001574,OK,embryo.time,-0.0028220914072295,0.0002338588732465,-12.0674976666551,2.12781516816862e-33,-0.0039725737580132,count,1.61501171263998e-30,-0.910127354098685
C17E4.6,1670,WBGene00007645,OK,embryo.time,-0.0023189269390257,0.000283964791627,-8.16624809624812,3.39559463148231e-16,-0.0032036779829478,count,2.29202637625056e-13,-1.48655957929963
mec-8,1240,WBGene00003172,OK,embryo.time,-0.0013696094526893,0.0003249441909452,-4.21490671584321,2.51133513311511e-05,-0.0018213458374947,count,0.012632015719569,-2.13788503959031
stn-1,3746,WBGene00006062,OK,embryo.time,0.0023761175267651,0.000144212292418,16.4765255924001,1.5441548048437202e-60,0.0030761210491614,count,1.28319264282513e-57,-2.43825746745987
irx-1,1857,WBGene00007984,OK,embryo.time,-0.0030651339808508,0.0002894689396327,-10.5888182156588,4.0276500769440197e-26,-0.0043256621579762,count,2.90796335555358e-23,-0.799734094864322
C04F12.8,857,WBGene00007302,OK,embryo.time,0.0054905827833349,0.0002674931179814,20.5260711930396,1.5425040458225897e-92,0.0022916270329709,count,1.34660603200312e-89,-5.5066940294211
nhr-62,343,WBGene00003652,OK,embryo.time,0.0021336167631767,0.0005308762747379,4.01904712021651,5.86783141988523e-05,0.0013232445767895,count,0.0290457655284319,-4.88856999609989
nhr-49,1794,WBGene00003639,OK,embryo.time,-0.0014838677995252,0.0002684537178619,-5.5274622804369,3.29531347195076e-08,-0.0020249406498253,count,1.88491930595583e-05,-1.74323940081335
mom-4,4078,WBGene00003396,OK,embryo.time,-0.0040616104101988,0.0001756745908284,-23.1200789541945,1.60654285268752e-116,-0.0058093697985256,count,1.43464276744996e-113,0.14617508267525
cfi-1,46,WBGene00000476,OK,embryo.time,0.008207196864918,0.0012187853637545,6.73391485407682,1.7028543483399e-11,3.80661369764316e-05,count,1.05747255031908e-08,-10.3460110213092
T20F10.2,10691,WBGene00011864,OK,embryo.time,-0.0021996253808677,8.61128156762323e-05,-25.5435310481301,2.47879632641376e-141,-0.0031596411704923,count,2.2680986386685886e-138,0.833289617007102
madf-10,946,WBGene00013717,OK,embryo.time,-0.0015328832310915,0.0003674921095389,-4.17120039125415,3.04458356033344e-05,-0.0019953538337155,count,0.0152229178016672,-2.38170337820838
row-1,1306,WBGene00009508,OK,embryo.time,-0.0029026389635732,0.0003426908505481,-8.47013849050807,2.6426629975709705e-17,-0.0040004988097884,count,1.80758149033854e-14,-1.54131586279153
F25H2.4,1748,WBGene00009118,OK,embryo.time,-0.0043972865138461,0.000308355963972,-14.2604231071241,6.9751431197960304e-46,-0.0062172294472142,count,5.58011449583682e-43,-0.709823685165166
F25H2.12,594,WBGene00009123,OK,embryo.time,-0.0040140894857035,0.0005304199448396,-7.56775744342951,3.98523276573372e-14,-0.005426367802347,count,2.59040129772692e-11,-1.90331983505035
hsp-12.1,10861,WBGene00011906,OK,embryo.time,0.0029279541156339,6.9744507446901e-05,41.9811426421372,0.0,0.0041431644029914,count,0.0,-0.671626828975487
set-18,12996,WBGene00044070,OK,embryo.time,0.0033696821265102,5.45828528743924e-05,61.7351777904432,0.0,0.004779606364472,count,0.0,-0.53923016319127
daf-16,1679,WBGene00000912,OK,embryo.time,-0.0021160290614815,0.000274596899708,-7.7059466575592,1.36793853403654e-14,-0.0029345427605404,count,8.9736767832797e-12,-1.39253736413932
Y37F4.6,222,WBGene00021387,OK,embryo.time,0.0043434336036282,0.0006247967540602,6.95175443118438,3.73484810448416e-12,0.0008891019165981,count,2.34921945772054e-09,-6.40704403397068
dxbp-1,769,WBGene00013128,OK,embryo.time,-0.0055561564727903,0.0005075765994682,-10.9464393721287,8.50368129735746e-28,-0.0077845298162717,count,6.2161910283683e-25,-1.08625416740018
nfya-2,359,WBGene00043056,OK,embryo.time,-0.0026148285667522,0.0006563514506407,-3.9838847986086,6.80719410565488e-05,-0.0031611314379787,count,0.0336275388819351,-2.96071403134506
madf-2,619,WBGene00009461,OK,embryo.time,-0.002503584361099,0.0004864014309849,-5.1471566521289,2.673231407067e-07,-0.0032481983396128,count,0.0001491663125143,-2.41442037437792
dys-1,6410,WBGene00001131,OK,embryo.time,0.00263026603072,0.0001009101181111,26.0654340709685,5.63855931707822e-147,0.0035762054861521,count,5.181836012394882e-144,-1.81105911046794
dhhc-7,1690,WBGene00007637,OK,embryo.time,-0.0022904181475613,0.0002812910101147,-8.14252167755774,4.1290143417825006e-16,-0.0031660008169433,count,2.77882665201962e-13,-1.4737610646907
dhhc-2,36,WBGene00012948,OK,embryo.time,0.0062186978698469,0.0013129510149211,4.73642793917982,2.19222522126535e-06,9.9803839350858e-05,count,0.0011706482681557,-9.09571654384111
R06C1.6,279,WBGene00011060,OK,embryo.time,0.004477545536246,0.0005226361123253,8.56723335921873,1.14685360154239e-17,0.0009890634529282,count,7.85594717056537e-15,-6.31780729404047
hsf-1,4457,WBGene00002004,OK,embryo.time,0.0028857906056813,0.0001241202419225,23.2499595632695,8.60383198789607e-118,0.0037589712579032,count,7.70903346115488e-115,-2.37697953561884
hmg-20,204,WBGene00012209,OK,embryo.time,-0.0047258501717048,0.000923365607629,-5.11807038583524,3.11941421546988e-07,-0.0059600243935721,count,0.0001725036061154,-2.66450646465016
B0019.2,369,WBGene00007094,OK,embryo.time,-0.0035854751548726,0.000695428614001,-5.15577743378166,2.55328781189934e-07,-0.0045541582459379,count,0.0001427287886851,-2.60702209049698
C47B2.2,2239,WBGene00008131,OK,embryo.time,-0.0059896521036021,0.0002589328427853,-23.1320679106267,1.2269601792394e-116,-0.0085685403554312,count,1.09690240024002e-113,0.167323219387765
smu-1,4235,WBGene00004895,OK,embryo.time,-0.0084286101882236,0.00018170546174,-46.3861135901568,0.0,-0.0121404011604339,count,0.0,1.83226233329971
atg-4.1,5303,WBGene00013595,OK,embryo.time,-0.0040758494060044,0.0001491337252508,-27.3301655889565,4.37404346857917e-161,-0.0058437160004266,count,4.04161616496715e-158,0.472905073949303
eya-1,3013,WBGene00001377,OK,embryo.time,-0.0011354151231586,0.0002286656483233,-4.96539437158149,6.92063077545427e-07,-0.0016149959355504,count,0.0003785585034173,-0.355693663039619
unc-95,8505,WBGene00006824,OK,embryo.time,0.0030271444309602,8.07286282787803e-05,37.497781090825,4.4892664284380997e-296,0.0041698270602787,count,4.30520650487214e-293,-1.55638294753771
ekl-4,1145,WBGene00013676,OK,embryo.time,-0.0066460781606102,0.0004103082825307,-16.1977674923298,1.39340534798588e-58,-0.0094573009730938,count,1.1523462227843199e-55,-0.322218118865552
lev-11,14333,WBGene00002978,OK,embryo.time,0.0045608688275748,4.27057354776431e-05,106.797571252754,0.0,0.0065491220598807,count,0.0,0.751447389653431
hinf-1,1860,WBGene00009553,OK,embryo.time,-0.0062258934005516,0.0003139399720957,-19.8314772056287,1.41758453365333e-86,-0.0088996582201329,count,1.23471612881205e-83,0.0800383044369832
eva-1,2036,WBGene00009304,OK,embryo.time,0.0038603093888133,0.0002016609029377,19.1425771311038,7.46439463682568e-81,0.0040761936499123,count,6.4567013608542065e-78,-3.60276116128134
unc-54,8670,WBGene00006789,OK,embryo.time,0.0060011938629156,6.28602464614877e-05,95.4688249049799,0.0,0.0076433471653279,count,0.0,-2.58877470577016
ces-2,7317,WBGene00000469,OK,embryo.time,-0.0073177643442283,0.0001163222927289,-62.9093888415586,0.0,-0.0105514432341211,count,0.0,2.89451358115976
klu-1,29,WBGene00013970,OK,embryo.time,0.0080632676175301,0.0018401209600602,4.38192259777639,1.18320342006163e-05,3.7463706280288e-05,count,0.0060698335449161,-10.3441932545515
W03F9.1,610,WBGene00020999,OK,embryo.time,-0.0035465458848322,0.000505854730292,-7.01099677922357,2.4525207365338698e-12,-0.0047307313100423,count,1.54754058475287e-09,-2.0970174673895
W03F9.2,756,WBGene00021000,OK,embryo.time,-0.0038661607729249,0.0004861559388813,-7.95251166080732,1.93823161162493e-15,-0.0052752446483717,count,1.28892402173058e-12,-1.74436004127482
cul-3,1270,WBGene00000838,OK,embryo.time,-0.0049534460388121,0.0003575777971221,-13.8527785524679,2.07334629765364e-43,-0.0069916879951271,count,1.6358702288487199e-40,-0.791211816203482
npr-5,676,WBGene00021983,OK,embryo.time,0.0105462661327482,0.0002438972883061,43.2406042969633,0.0,0.0003378632817545,count,0.0,-8.39539037265238
nhr-58,1880,WBGene00003648,OK,embryo.time,0.0047330692019896,0.0001900135712535,24.9091113374974,1.2928755608530198e-134,0.0039007764827725,count,1.1752238848154e-131,-4.32054358349743
nhr-132,1045,WBGene00003722,OK,embryo.time,0.003077509834537,0.0002881247755238,10.6811704371534,1.50506704392671e-26,0.0026438676592086,count,1.0881634727590101e-23,-4.22005052746727
unc-60,13448,WBGene00006794,OK,embryo.time,0.001851753687531,5.70904144113816e-05,32.4354571012169,3.5364626751798497e-224,0.0026390947629838,count,3.33842076536978e-221,-0.206714092380077
nhr-256,938,WBGene00022805,OK,embryo.time,-0.0050981353811703,0.0004320220993929,-11.8006356349213,5.12152282355215e-32,-0.0071455713636106,count,3.86162820895832e-29,-1.07301591555921
tnt-4,230,WBGene00006589,OK,embryo.time,0.0052277409535541,0.0005749988876822,9.09174098514644,1.07667086040871e-19,0.0009327997158415,count,7.52592931425688e-17,-6.5658177814981
nhr-86,369,WBGene00003676,OK,embryo.time,-0.0032984694392712,0.0006477608177233,-5.09211015705476,3.57771439802342e-07,-0.0041336627205072,count,0.0001967742918912,-2.71438956718444
nhr-184,68,WBGene00018415,OK,embryo.time,0.004710708264773,0.0010330403896427,4.56004267790733,5.14895425229696e-06,0.0003066527309233,count,0.0027032009824559,-7.65974546431003
nhr-56,760,WBGene00003646,OK,embryo.time,0.0050371117298042,0.0002985175811843,16.873752325809,2.22253619810684e-63,0.0022269079626765,count,1.86470787021164e-60,-5.42450263187879
nhr-128,63,WBGene00003718,OK,embryo.time,0.0064898808515051,0.0009581615393344,6.77326378181835,1.29909708787715e-11,0.0001585022184007,count,8.09337485747465e-09,-8.67008695664119
nhr-103,199,WBGene00003693,OK,embryo.time,0.0063662837022077,0.0005399307475951,11.7909263929915,5.74243086482711e-32,0.0004972843876533,count,4.32405044121481e-29,-7.46881271001893
nhr-18,199,WBGene00003617,OK,embryo.time,0.0060204179688801,0.0005898622576454,10.2064810739241,2.17043572805618e-24,0.000502561757213,count,1.54969110983211e-21,-7.39828529964502
nhr-126,124,WBGene00003716,OK,embryo.time,0.007537597271173,0.0007202155209679,10.4657523362485,1.47612094656109e-25,0.0001762683056615,count,1.0583787186843e-22,-8.71476344077881
nhr-134,315,WBGene00003724,OK,embryo.time,0.0071810965376435,0.0004635579327833,15.4912601635908,9.03459272192188e-54,0.0005338158865796,count,7.41740062469786e-51,-7.52153108395325
nhr-96,130,WBGene00003686,OK,embryo.time,0.0064020562822778,0.0007761502093564,8.24847588147411,1.71684426655771e-16,0.0003131189837514,count,1.16402041272613e-13,-7.95818778357428
nhr-183,125,WBGene00018266,OK,embryo.time,0.0057092804425695,0.0007070151039304,8.07518879134367,7.17086996753731e-16,0.0003935603246928,count,4.80448287825e-13,-7.60019264666118
sknr-1,144,WBGene00020961,OK,embryo.time,-0.0127797221602849,0.0010899179913166,-11.7253979309455,1.24012239953825e-31,-0.018081861602228,count,9.313319220532259e-29,-0.669297341468895
ketn-1,4568,WBGene00004130,OK,embryo.time,0.0032114228974557,0.0001253082936982,25.6281751405012,3.0633316118606e-142,0.0041330601731581,count,2.80907508807617e-139,-2.49469771187159
F37B4.10,3265,WBGene00018140,OK,embryo.time,-0.0044393671958846,0.0002069738560542,-21.4489273211484,9.21472357708391e-101,-0.0063449572053586,count,8.11817147141092e-98,0.0632037228605665
lin-40,5530,WBGene00003025,OK,embryo.time,-0.0044723100107565,0.0001479234846889,-30.2339416905963,8.808830247167861e-196,-0.006421534507327,count,8.23625628110195e-193,0.742010758364852
nhr-156,480,WBGene00015897,OK,embryo.time,0.0087342339216439,0.000306400929115,28.5058989438103,9.45243214607054e-175,0.0006097074322328,count,8.76240459940739e-172,-7.5884833175417
Y45G5AM.6,3497,WBGene00021558,OK,embryo.time,-0.0012387627713998,0.000184883405556,-6.70023773996543,2.14413523646114e-11,-0.0017424837435984,count,1.32507557613298e-08,-0.940856883669933
nhr-125,145,WBGene00003715,OK,embryo.time,0.0044791248414112,0.0007106271141497,6.30305930103804,2.98799667016215e-10,0.0006252153943445,count,1.79877399543761e-07,-6.84125146246371
D2063.1,4878,WBGene00017060,OK,embryo.time,0.0058477825467815,0.0001148478289698,50.9176586030101,0.0,0.0071401285171751,count,0.0,-2.90198309852157
glrx-3,2502,WBGene00017062,OK,embryo.time,-0.0013109826840709,0.0002197652403905,-5.96537779014166,2.48762902241603e-09,-0.0018119595230865,count,1.47267638127029e-06,-1.47670644502676
unc-62,10871,WBGene00006796,OK,embryo.time,-0.0038242714253644,9.45451557373626e-05,-40.4491525296962,0.0,-0.0055102784982137,count,0.0,2.06821851418288
K11D12.12,657,WBGene00019651,OK,embryo.time,-0.0042443928810042,0.0005066294884861,-8.37770595171339,5.80041298883791e-17,-0.0057845819076126,count,3.9442808324097816e-14,-1.76545471811354
B0238.11,3878,WBGene00015075,OK,embryo.time,-0.0044750524710452,0.0001890634845181,-23.6695757641953,6.05596845373557e-122,-0.0064073668711861,count,5.44431563990828e-119,0.275174178866319
ceh-33,775,WBGene00000454,OK,embryo.time,0.0115695957779639,0.0001965824941011,58.8536422374026,0.0,0.0004364386397471,count,0.0,-8.22846583796263
nhr-47,4986,WBGene00003637,OK,embryo.time,-0.0026290323594744,0.0001504954660232,-17.4691798294303,9.23159936680881e-68,-0.0037492273254652,count,7.80993306432025e-65,-0.15108854363217
fos-1,400,WBGene00001345,OK,embryo.time,0.0060211971670446,0.0004322165445659,13.9309733575607,7.041366464208599e-44,0.0009732252154916,count,5.569720873189e-41,-6.6782971364756
atf-8,969,WBGene00017535,OK,embryo.time,0.0024749767202874,0.0003046453710268,8.1241238360038,4.80329039286232e-16,0.0023517884002538,count,3.22300785361062e-13,-3.94913788086099
bcl-11,189,WBGene00017430,OK,embryo.time,0.0102298096983103,0.0007389771231999,13.8432021467897,2.36556969338062e-43,0.0001137595064397,count,1.86406891838393e-40,-9.4680390036729
gon-14,1068,WBGene00002148,OK,embryo.time,-0.0043195915171646,0.0003928639016224,-10.9951347001494,4.9807525341854685e-28,-0.0060283670647038,count,3.64591085502376e-25,-1.21437638092803
nhr-42,242,WBGene00003632,OK,embryo.time,0.0031579385921923,0.0005932596072806,5.32302983961312,1.03310025727679e-07,0.0010917266908045,count,5.81635444846833e-05,-5.76147505380912
nhr-286,58,WBGene00044699,OK,embryo.time,0.006140930247582,0.0012563833259308,4.88778394367195,1.02879601589226e-06,0.0001300005273349,count,0.0005565786445977,-8.81516579274812
nhr-135,128,WBGene00003725,OK,embryo.time,0.0076112697460708,0.0008081676168416,9.41793458121492,5.15810542274954e-21,0.0002166784007818,count,3.6364643230384295e-18,-8.51453224755672
attf-2,6026,WBGene00017317,OK,embryo.time,-0.0067888326576292,0.0001523882771049,-44.549572884506,0.0,-0.0097790722803684,count,0.0,1.86869240570067
spr-1,870,WBGene00005006,OK,embryo.time,-0.0030396523930877,0.0004201863220055,-7.23405840194691,4.88137099520346e-13,-0.0041161248050423,count,3.11919606593501e-10,-1.87631322825613
W02D7.6,5902,WBGene00020942,OK,embryo.time,-0.0023770014064191,0.0001332536336727,-17.8381732708106,1.50257613878632e-70,-0.003393487649215,count,1.27869229410716e-67,-0.0523296148443129
unc-23,2528,WBGene00006760,OK,embryo.time,0.0030211779546773,0.0001850741697068,16.3241470133986,1.8262111392861401e-59,0.0036577396264958,count,1.5157552456075e-56,-2.95444341877521
nhr-219,1,WBGene00020555,OK,embryo.time,0.0145699763943946,0.0030815747316376,4.72809445275136,2.28400690101932e-06,5.08241404115573e-08,count,0.0012173756782433,-17.5450766329249
nhr-36,20,WBGene00017198,OK,embryo.time,0.0077218162992315,0.0017752517990358,4.34970199913345,1.37092950800669e-05,3.45368232246357e-05,count,0.0070054497859141,-10.3822202702728
ztf-9,493,WBGene00013966,OK,embryo.time,0.001988968466581,0.0004490726682287,4.4290570486647,9.52190976016079e-06,0.0015123186828686,count,0.0049133054362429,-4.49791216221848
ztf-7,5457,WBGene00009772,OK,embryo.time,-0.0010375220167228,0.0001352336864373,-7.67206784090295,1.78100301332554e-14,-0.0014686376694625,count,1.1629949677015799e-11,-0.651535247173745
F57A8.1,3678,WBGene00010177,OK,embryo.time,-0.0023594017336063,0.0001836265570614,-12.8489134216958,1.28990161527804e-37,-0.0033435399023009,count,9.983838502252031e-35,-0.589486426420534
saeg-1,975,WBGene00010012,OK,embryo.time,0.0057625884665333,0.000258482517433,22.2939196188577,1.36571730410756e-108,0.0023713946362142,count,1.21548840065573e-105,-5.52666390372581
act-1,8994,WBGene00000063,OK,embryo.time,0.0078261313000737,6.15720389950441e-05,127.105280705479,0.0,0.0088837619647968,count,0.0,-3.30322073889522
mxl-1,2113,WBGene00003509,OK,embryo.time,-0.0033720015555172,0.0002605584957537,-12.9414377595416,3.92838590039805e-38,-0.0047502861316049,count,3.05235584460928e-35,-0.877956844794121
cnb-1,4644,WBGene00000554,OK,embryo.time,0.003221973924554,0.0001198848545228,26.8755710417015,6.07240456378079e-156,0.0041046205567603,count,5.58661219867833e-153,-2.58531953131788
ccch-1,1050,WBGene00009532,OK,embryo.time,0.004887490334337,0.0002606333441095,18.7523601442287,1.0671619468527599e-77,0.0028095575191691,count,9.17759274293374e-75,-5.01952781472207
nhr-68,299,WBGene00003658,OK,embryo.time,0.0039723546666007,0.0005210951883246,7.62308836389785,2.60305468556611e-14,0.001513770752921,count,1.6971916549891e-11,-5.63170671257804
ceh-32,380,WBGene00000453,OK,embryo.time,0.0021686599507591,0.0005155416039723,4.20656632568392,2.60569394676449e-05,0.0015613775671554,count,0.0130805836127577,-4.61006427805383
R31.2,2850,WBGene00011270,OK,embryo.time,0.0044620572144479,0.0001488379469387,29.9792983323333,1.3004667967095e-192,0.0046621946597115,count,1.21463598812667e-189,-3.64182378539731
nhr-154,211,WBGene00007547,OK,embryo.time,0.0038791689241126,0.00067395946422,5.7557896729028,8.767913708857341e-09,0.0009125392842125,count,5.12046160597269e-06,-6.24276937903923
vab-8,4872,WBGene00006874,OK,embryo.time,0.0051108258231006,0.0001144147494972,44.669291726451,0.0,0.0064734404704265,count,0.0,-2.63457053161145
myo-3,10437,WBGene00003515,OK,embryo.time,0.0046057472173341,6.42082314005468e-05,71.7314138214208,0.0,0.0063520035033168,count,0.0,-1.53004421412963
atn-1,933,WBGene00000228,OK,embryo.time,0.0075645403525682,0.0002561916540544,29.5268804929971,4.84298264584156e-187,0.0014462501015262,count,4.50881684327849e-184,-6.48780010191496
ccch-3,362,WBGene00012277,OK,embryo.time,-0.0054673854078231,0.0007079624676168,-7.72270516857663,1.2000514855574e-14,-0.0073227681968642,count,7.88433826011212e-12,-2.04052031597252
cky-1,95,WBGene00000521,OK,embryo.time,0.0040637864227602,0.0009096434526641,4.46744975831855,7.96530352850931e-06,0.0004228920116659,count,0.0041419578348248,-7.16160406972107
eat-6,5796,WBGene00001137,OK,embryo.time,0.0048231887119021,9.57123139342392e-05,50.3925619770933,0.0,0.0059719737086325,count,0.0,-2.80682723928448
uig-1,2014,WBGene00009337,OK,embryo.time,0.006957826670694,0.0001477236010456,47.1003050388891,0.0,0.0037209366757321,count,0.0,-5.13793211404153
ric-7,3039,WBGene00010259,OK,embryo.time,0.0030741780762146,0.0001576288079149,19.5026411534729,8.06534676681839e-84,0.0037894816816167,count,6.99265564683154e-81,-2.83693322709731
ceh-74,688,WBGene00013876,OK,embryo.time,-0.0041173417177056,0.0004771615068702,-8.62882202026719,6.72169509809922e-18,-0.0056321577068846,count,4.62452622749226e-15,-1.6966730187388
unc-112,13812,WBGene00006836,OK,embryo.time,0.000534056005004,6.32925218412092e-05,8.43790055235841,3.4796015569688e-17,0.0007654696819945,count,2.37308826185272e-14,0.423563003486819
nhr-84,211,WBGene00003674,OK,embryo.time,0.0045144029398025,0.0006428369123641,7.02262557263539,2.2572713661469898e-12,0.000763791535639,count,1.42885277477104e-09,-6.62593438800234
tni-3,950,WBGene00006585,OK,embryo.time,0.0131327088067146,0.0001929871826377,68.0496426095023,0.0,0.0003085217892706,count,0.0,-8.71290731024358
efl-1,990,WBGene00001161,OK,embryo.time,-0.0080462533659059,0.0005155488364238,-15.6071603647077,1.51610849682458e-54,-0.0114880616783105,count,1.2462411843898e-51,-0.0414719485578906
slo-1,3059,WBGene00004830,OK,embryo.time,0.0029893968832065,0.0001575256067118,18.9772123123738,1.65074788632455e-79,0.0036402631738948,count,1.42459542589809e-76,-2.91789248381267
nhr-231,2,WBGene00012449,OK,embryo.time,0.0241990665762284,0.0026401076346112,9.16593939541847,5.44346193699964e-20,8.44272665335229e-11,count,3.82131027977375e-17,-24.4574962798069
nhr-170,12,WBGene00008309,OK,embryo.time,0.0112589494836572,0.0020837527883337,5.40320787892512,6.63141626163707e-08,3.29536831164647e-06,count,3.76001302034822e-05,-13.1135156244218
ceh-51,218,WBGene00013583,OK,embryo.time,-0.007951114575394,0.0011528401486339,-6.89697924279958,5.49338322179943e-12,-0.0110859895718928,count,3.43885789684644e-09,-1.24111238400457
nhr-95,1272,WBGene00003685,OK,embryo.time,0.0017454391744885,0.0002744073426147,6.36075972988354,2.05730736577446e-10,0.0019343472396656,count,1.24672826365932e-07,-3.40805759418891
nhr-145,276,WBGene00012703,OK,embryo.time,0.0039118175273946,0.0005504964404463,7.10598151047635,1.24065946851612e-12,0.0010879976049313,count,7.87818762507736e-10,-6.03913647475418
bed-1,1166,WBGene00012674,OK,embryo.time,-0.0027993226447004,0.0003565440849254,-7.85126654193537,4.355104879318221e-15,-0.0038344864633155,count,2.87872432522934e-12,-1.6705034348554
Y43F8B.2,5132,WBGene00012813,OK,embryo.time,-0.008935450355368,0.000199200159104,-44.8566426631309,0.0,-0.0128846044213893,count,0.0,2.98737256248254
dmd-3,411,WBGene00012832,OK,embryo.time,-0.0088147184331574,0.0006269423043373,-14.0598558626122,1.17230078931219e-44,-0.0125832417121783,count,9.29634525924567e-42,-0.0563032085437654
swsn-1,2114,WBGene00004203,OK,embryo.time,-0.0070983234909372,0.0002815140233215,-25.2148131278995,7.83958570998207e-138,-0.0101809796413007,count,7.14970216750365e-135,0.536715052367314
hif-1,4231,WBGene00001851,OK,embryo.time,0.0024916100902257,0.0001380728935768,18.0456136297255,3.84339929338276e-72,0.0032442041733304,count,3.28226299654888e-69,-2.38094954109649
sbt-1,740,WBGene00011392,OK,embryo.time,0.0025331553578194,0.0003740656773707,6.7719534591484,1.3108895229350498e-11,0.0021487618142805,count,8.153732832656011e-09,-4.25087514188568
pbo-5,444,WBGene00012857,OK,embryo.time,0.0074083637206062,0.0003493634476201,21.2053200501401,1.4741569510221502e-98,0.0009588116894755,count,1.29430980299745e-95,-6.92606828729622
2L52.1,232,WBGene00007063,OK,embryo.time,-0.0037336549812462,0.0008121369434162,-4.59732193137337,4.30946104781168e-06,-0.0045466636539041,count,0.0022667765111489,-2.91439141882432
nfyc-1,4418,WBGene00017742,OK,embryo.time,-0.0051907947693597,0.0001700440467487,-30.5261775910955,1.89761629753209e-199,-0.0074507249534938,count,1.7799640870851e-196,0.675672108066757
sgcb-1,11055,WBGene00019277,OK,embryo.time,0.0030689406751584,6.36046996811068e-05,48.2502187817118,0.0,0.00429627352067,count,0.0,-1.11847227873753
nfyb-1,1877,WBGene00021132,OK,embryo.time,-0.0052492321923435,0.0002870116019168,-18.2892682988649,4.92204508352786e-74,-0.0074706949970817,count,4.21327059149985e-71,-0.312162864701344
ZC204.12,127,WBGene00022562,OK,embryo.time,0.0055418437509675,0.0007214513837948,7.6815207170543,1.65477263069983e-14,0.0004304797767054,count,1.08222130047769e-11,-7.47429128951803
duxl-1,3816,WBGene00022554,OK,embryo.time,-0.009054618452673,0.0002082538322344,-43.4787602970992,0.0,-0.0130457538090794,count,0.0,2.02491075443451
ceh-83,914,WBGene00018446,OK,embryo.time,-0.0071511133085536,0.0004301972462805,-16.6228709513653,1.4102007478471401e-61,-0.0101658380341449,count,1.1761074237045101e-58,-0.392333690558367
ceh-86,1680,WBGene00018355,OK,embryo.time,-0.0049092316085333,0.0003009016481873,-16.3150705159207,2.11423656979794e-59,-0.0069693810023857,count,1.75270211636249e-56,-0.482086241713372
sup-9,4644,WBGene00006318,OK,embryo.time,0.004038949573435,0.0001204217059372,33.5400461403458,4.323791841098199e-239,0.0049990315677336,count,4.09895466536109e-236,-2.80913152616491
T10D4.6,564,WBGene00020408,OK,embryo.time,-0.002032827078776,0.0005181616907483,-3.92315201040826,8.77314559509844e-05,-0.0025504235810742,count,0.0431638763278843,-2.70641246542694
smu-2,5336,WBGene00004896,OK,embryo.time,-0.0055058580313325,0.0001524904602849,-36.1062457352659,2.04917975285343e-275,-0.0079159640611952,count,1.95901584372788e-272,1.06696722641794
cpna-1,3757,WBGene00006495,OK,embryo.time,0.0042418244872144,0.0001309271415063,32.3983586475054,1.10095450277955e-223,0.0049142506254641,count,1.03820009612112e-220,-3.20196990441322
pfd-2,6273,WBGene00019220,OK,embryo.time,-0.0029422597212218,0.0001301078008118,-22.614014708292,1.2452180258261901e-111,-0.004212517279038,count,1.10948926101114e-108,0.268095810069532
hlh-1,7817,WBGene00001948,OK,embryo.time,-0.0057578699603631,0.0001234612153773,-46.6370749936687,0.0,-0.0082939227607714,count,0.0,1.86161792733906
hmg-11,6117,WBGene00001976,OK,embryo.time,-0.0055250426531606,0.0001416917222951,-38.9934045804886,5.12237e-319,-0.0079505612059504,count,4.93284597e-316,1.36352570195319
ZK546.5,485,WBGene00022762,OK,embryo.time,-0.003806170553457,0.0005707340218916,-6.66890426619681,2.65419188043968e-11,-0.0050324717468827,count,1.63763639023128e-08,-2.20793461725274
C04G6.4,1533,WBGene00015454,OK,embryo.time,-0.0018628245834877,0.0002924281657623,-6.3701954927348,1.93490853391091e-10,-0.0025382639707759,count,1.17448948008392e-07,-1.77045030711481
F56D1.1,830,WBGene00018959,OK,embryo.time,-0.0027578797601598,0.0004149494287864,-6.6463033055025,3.0940367766376095e-11,-0.0036897145540782,count,1.89973858085549e-08,-2.0571378256772
cdc-14,4551,WBGene00000383,OK,embryo.time,-0.0025563993030362,0.0001636566313037,-15.6205054611695,1.23343459990695e-54,-0.0036407382740783,count,1.0151166757234201e-51,-0.261861448189559
hlh-14,1008,WBGene00001958,OK,embryo.time,-0.0024801255801845,0.0004288201204782,-5.7836035711628,7.43625716770326e-09,-0.0033872099478009,count,4.35764670027411e-06,-1.72768165462246
lect-2,6458,WBGene00019407,OK,embryo.time,0.0005450869545389,0.0001200323041809,4.54116879833483,5.63160516541243e-06,0.0007674314872577,count,0.0029509611066761,-0.90487050794122
egl-44,663,WBGene00001208,OK,embryo.time,0.0051300146169544,0.0003396229268668,15.1050303472756,3.15409490646521e-51,0.0020000607716613,count,2.58004963348854e-48,-5.60113963776945
upb-1,7896,WBGene00017440,OK,embryo.time,-0.0026062828975275,0.0001129089090824,-23.0830580040841,3.68987020070374e-116,-0.0037407486507939,count,3.29136421902774e-113,0.661890572000583
nhr-22,372,WBGene00003621,OK,embryo.time,-0.0032732325644162,0.0006426882825313,-5.09303289539409,3.56036447028158e-07,-0.0041276456431554,count,0.0001961760823125,-2.66601139109612
aptf-1,39,WBGene00019424,OK,embryo.time,0.0060454108024596,0.00126746643283,4.76968118908002,1.86003135749006e-06,0.0001341964242183,count,0.0009969768076146,-8.76695129958092
klf-3,63,WBGene00003480,OK,embryo.time,0.0058527357659242,0.0010597304339275,5.52285333944111,3.38281255799953e-08,0.0001761816813539,count,1.93158597061773e-05,-8.45667339525628
tab-1,469,WBGene00006380,OK,embryo.time,-0.0091387642591855,0.0008353251667467,-10.9403674437073,9.08875318868939e-28,-0.0130922126581129,count,6.63478982774325e-25,0.354811786053795
ceh-38,1749,WBGene00000459,OK,embryo.time,-0.004255805055296,0.0002997733637645,-14.1967418380711,1.7158202688327e-45,-0.0060172125589481,count,1.37094039479733e-42,-0.709722038180264
spon-1,8553,WBGene00006893,OK,embryo.time,-0.0022553956051456,0.0001144571676673,-19.7051495429413,1.64112049092453e-85,-0.0032428805144188,count,1.4261337066134198e-82,1.08523494911536
ada-2,1802,WBGene00017967,OK,embryo.time,-0.0036535462136172,0.0002967685791307,-12.3110951446365,1.0983585343226599e-34,-0.0051412061250731,count,8.369492031538671e-32,-0.923885366057668
nfi-1,1220,WBGene00003592,OK,embryo.time,-0.0042546514441487,0.0003568310006252,-11.923435566678,1.19515286404895e-32,-0.0059560863837029,count,9.03535565221006e-30,-1.11530927404129
lir-2,2740,WBGene00003045,OK,embryo.time,-0.0017235484537449,0.0002146103610654,-8.03105891620527,1.02717963168867e-15,-0.0024087900804165,count,6.8718317359972e-13,-1.17111637854042
lir-1,2536,WBGene00003044,OK,embryo.time,-0.0024640643184797,0.000229413483212,-10.7407127252514,7.94377104766254e-27,-0.0034602156720161,count,5.75923400955534e-24,-1.00533021450187
lin-26,921,WBGene00003012,OK,embryo.time,-0.0016032911566902,0.0003841873708978,-4.17320109441172,3.01798607697841e-05,-0.002083310862896,count,0.0151201102456618,-2.3996436660602
unc-105,1028,WBGene00006832,OK,embryo.time,0.0095736894532546,0.000216214822153,44.2785992094399,0.0,0.0008775559715506,count,0.0,-7.30046211164546
mig-5,1426,WBGene00003241,OK,embryo.time,-0.003797176700822,0.0003367304167503,-11.2766073747258,2.16203694265246e-29,-0.0053135682612661,count,1.59774530062017e-26,-1.12876883004119
hel-1,7389,WBGene00001840,OK,embryo.time,-0.0040259468286413,0.0001222576306233,-32.930024965422,8.43297072717836e-231,-0.0057875872967698,count,7.97759030791073e-228,1.03375078008528
efl-3,1909,WBGene00009899,OK,embryo.time,-0.0115443566135729,0.0003858269623821,-29.9210727583573,6.8448020395546e-192,-0.0166330956558308,count,6.38620030290444e-189,2.03370992586867
F22B5.10,6102,WBGene00009045,OK,embryo.time,-0.0052347444131217,0.0001376564786457,-38.0275920510216,4.08955096295494e-304,-0.0075284268551977,count,3.9300584753997e-301,1.15786839318178
T22C8.3,524,WBGene00011924,OK,embryo.time,-0.0051312971887077,0.0005919170921656,-8.66894579768551,4.73644572505935e-18,-0.0070236212069193,count,3.2634111045658903e-15,-1.68383299364351
dpl-1,1075,WBGene00001061,OK,embryo.time,-0.0076440426862878,0.000428513856771,-17.838495921434,1.49407986120046e-70,-0.0109099537244969,count,1.27295604174279e-67,-0.0751820382779219
ttll-12,456,WBGene00008405,OK,embryo.time,-0.0022365836977236,0.0005656664569027,-3.95389132664803,7.71925328415167e-05,-0.0027445934100569,count,0.0380559186908677,-2.86484578348858
zfp-2,2851,WBGene00009448,OK,embryo.time,-0.0038336846984478,0.0002229112248513,-17.198257741416,9.48415723831736e-66,-0.0054520085969632,count,7.99514455190153e-63,-0.366798208041507
nhr-19,464,WBGene00003618,OK,embryo.time,0.0026955882957401,0.0004454619642276,6.05121988453896,1.4667770950573902e-09,0.0016386962831359,count,8.72732371559147e-07,-4.92364307782853
mab-3,135,WBGene00003100,OK,embryo.time,-0.0049748500872961,0.0011148115995804,-4.4625029818208,8.15126738146696e-06,-0.0062913293999207,count,0.0042305077709813,-2.64231565739364
ZK1321.4,129,WBGene00014262,OK,embryo.time,0.0085208187259552,0.0007645630256315,11.1446910722858,9.49615331609308e-29,0.000172919480184,count,6.98916884064451e-26,-8.85922167535443
sdz-38,718,WBGene00014131,OK,embryo.time,0.0060248046702871,0.0002861133905012,21.057401961273,3.12774322826935e-97,0.0028900884064783,count,2.73990306796395e-94,-5.30507583645434
die-1,2487,WBGene00000995,OK,embryo.time,-0.0090915146460129,0.0002599393634562,-34.9755209258339,4.0118398927674603e-259,-0.0130847303478631,count,3.8272952577001597e-256,1.42691958066923
F33H1.4,941,WBGene00009365,OK,embryo.time,-0.0054075615639055,0.0004219801514832,-12.8147296618042,1.99716590408392e-37,-0.0076055615628324,count,1.5438092438568692e-34,-0.943438045352525
mec-15,1826,WBGene00003177,OK,embryo.time,-0.0041308162241263,0.0002834734875353,-14.5721430954305,8.046259799504828e-48,-0.005837259024518,count,6.45310035920287e-45,-0.737147888950859
ztf-27,1221,WBGene00011661,OK,embryo.time,0.0031592513246532,0.0002558398649936,12.3485498428142,6.928147383629981e-35,0.0028995086192933,count,5.28617645370967e-32,-4.04801804186101
ZK673.4,242,WBGene00014060,OK,embryo.time,-0.0035203713907838,0.0008226128639436,-4.27949956180716,1.88308629359222e-05,-0.0041960011601448,count,0.0095284166455766,-3.04464509178077
cey-1,16414,WBGene00000472,OK,embryo.time,0.001325681147674,4.29703344242841e-05,30.8510782016358,1.46062787547856e-203,0.0019052215096451,count,1.37152957507437e-200,0.954257558184617
unc-53,1304,WBGene00006788,OK,embryo.time,0.0042444280031277,0.0002403377402335,17.6602642556407,3.37481465829144e-69,0.0032395440956678,count,2.86521764488943e-66,-4.49099328368866
lir-3,766,WBGene00003046,OK,embryo.time,-0.0025307381142937,0.000435752228394,-5.80774566230155,6.44159150888299e-09,-0.0033352149483581,count,3.7876558072232e-06,-2.24693779211087
unc-130,1398,WBGene00006853,OK,embryo.time,-0.0024437358952818,0.0003107641106533,-7.86363615201207,3.9470757690116806e-15,-0.0033882288554788,count,2.61691123485474e-12,-1.39832180308293
hmg-12,259,WBGene00001977,OK,embryo.time,-0.0035341753004293,0.0007949115528313,-4.4459981589664,8.80222485939536e-06,-0.004243044204479,count,0.0045595524771668,-3.00227812706033
W03C9.2,117,WBGene00012220,OK,embryo.time,-0.0049678255431591,0.0012145647946186,-4.09021039072595,4.32908299802142e-05,-0.0055824214994806,count,0.0215155425001665,-3.34341764325975
Y17G7B.20,2744,WBGene00012471,OK,embryo.time,-0.0055337265537619,0.0002362945820747,-23.4187618910857,1.87319920165349e-119,-0.0079229413413701,count,1.6802596838831798e-116,0.271835950910238
ceh-99,1237,WBGene00044032,OK,embryo.time,-0.0063214706635307,0.0003650761600534,-17.3154846994253,1.28895634620398e-66,-0.0090248477249195,count,1.08916811254236e-63,-0.049269829459988
ceh-100,1821,WBGene00012584,OK,embryo.time,-0.0031541823480843,0.0002847292204438,-11.0778315733381,1.99746221344783e-28,-0.0044197550979246,count,1.4681347268841602e-25,-1.0831789215912
zyx-1,3087,WBGene00006999,OK,embryo.time,0.0055179767867278,0.0001324600394735,41.657671314741,0.0,0.005069140494597,count,0.0,-4.04657349997137
moe-3,78,WBGene00003388,OK,embryo.time,0.0048843199361068,0.0010231853521371,4.773641379741,1.82385600294925e-06,0.000323328442626,count,0.0009794106735837,-7.64227238839277
ztf-22,1682,WBGene00012988,OK,embryo.time,-0.0034643462895759,0.0002897143955782,-11.9577982400942,7.93310633151787e-33,-0.004860460109895,count,6.013294599290549e-30,-1.03842832685076
Y48C3A.12,313,WBGene00012994,OK,embryo.time,-0.0050424548806501,0.0007370756361894,-6.84116342078358,8.11495332919696e-12,-0.0066357132549611,count,5.0637308774189e-09,-2.26234893255951
lin-38,159,WBGene00013006,OK,embryo.time,-0.0071652365043755,0.001104078842071,-6.48978698924709,8.826289886944919e-11,-0.0094654821409277,count,5.39286312092335e-08,-2.21670330346833
ing-3,732,WBGene00013095,OK,embryo.time,-0.0031420466524917,0.0004588522638699,-6.84762155468535,7.75796326022477e-12,-0.004209235690258,count,4.8487270376404815e-09,-2.03862496940429
mcd-1,1816,WBGene00013096,OK,embryo.time,-0.0058236915352561,0.000313719062794,-18.5633970833295,3.4186394791146e-76,-0.0083072791828418,count,2.93319267308033e-73,-0.126304923365938
zip-3,209,WBGene00012330,OK,embryo.time,0.0045782489996076,0.0005900329434468,7.75931081553252,9.006840235943791e-15,0.0007816375952137,count,5.93550771548696e-12,-6.61570482511704
bkip-1,6406,WBGene00014569,OK,embryo.time,0.0015070765436681,0.0001069854064675,14.086748776572,8.04814569938569e-45,0.0020902391626069,count,6.39827583101162e-42,-1.39185776341134
hmg-1.1,12095,WBGene00001971,OK,embryo.time,-0.0076794681210245,8.49884215116735e-05,-90.3589922536656,0.0,-0.0110769924420093,count,0.0,3.95136453575038
nurf-1,12314,WBGene00009180,OK,embryo.time,-0.00452140493486,9.97844038712746e-05,-45.3117397052633,0.0,-0.0065178003475673,count,0.0,2.52916276599906
exl-1,778,WBGene00001371,OK,embryo.time,0.0017038105949153,0.0003927768898522,4.33785856279957,1.44682240958129e-05,0.0016488137759503,count,0.0073498578406729,-3.89433748896635
smg-8,692,WBGene00010551,OK,embryo.time,-0.003507047537174,0.0004931986797997,-7.1108210155753,1.19803967588915e-12,-0.0047147676123232,count,7.61953233865499e-10,-1.988020039911
unc-52,1509,WBGene00006787,OK,embryo.time,0.0055691917552762,0.0002179816873901,25.5488973498408,2.1714738840299e-141,0.0037999681598555,count,1.98907007777139e-138,-4.71626925957774
