,t1,t2,avg
aha-1,6.255126,6.277865,6.2664955
ahr-1,4.977182,7.926651,6.451916499999999
atf-2,6.1187,6.118777,6.118738499999999
atf-6,-1.393511,9.40765,4.0070695
cdc-14,2.015426,6.462881,4.2391535000000005
ceh-1,7.046841,10.21168,8.6292605
ceh-2,5.845367,10.430804,8.1380855
ceh-5,7.351501,7.351645,7.351573
ceh-6,-3.521031,8.631922,2.5554455
ceh-8,1.956294,7.52083,4.738562
ceh-9,5.082193,8.37892,6.7305565000000005
ceh-10,0.4162212,7.8890104,4.1526158
ceh-12,6.336821,6.8159,6.5763605
ceh-13,1.238561,7.981052,4.6098065
ceh-14,7.997303,7.997418,7.997360499999999
ceh-16,2.014983,6.999366,4.5071745
ceh-17,9.106691,9.107015,9.106853
ceh-18,6.4102686,7.8612668,7.135767700000001
ceh-19,8.425072,8.356961,8.3910165
ceh-20,2.365215,8.219232,5.2922235
ceh-21,1.939314,5.490446,3.71488
ceh-22,6.383283,6.661867,6.522575
ceh-24,2.46687,6.057247,4.2620585
pros-1,-4.2980567,5.8850177,0.7934804999999998
ceh-27,6.091756,12.220684,9.15622
ceh-28,5.722826,10.260396,7.991611000000001
ceh-30,1.962806,8.459384,5.211095
ceh-31,9.040271,9.040661,9.040466
ceh-32,-5.913252,6.777925,0.4323364999999999
ceh-33,7.418657,9.78537,8.6020135
ceh-34,2.467282,8.972748,5.720015
ceh-36,-0.1736508,6.033119,2.9297341
ceh-37,2.5905583,5.5072941,4.0489262
ceh-38,0.5624841,10.5223416,5.542412850000001
ceh-39,0.906427,1.979093,1.44276
ceh-40,2.471867,18.48117,10.4765185
ceh-41,1.032434,7.053141,4.0427875
ceh-44,4.443619,6.455174,5.449396500000001
cep-1,-7.381075,7.86009,0.2395074999999997
ces-1,4.077049,10.437456,7.2572525
ces-2,1.931702,5.933959,3.9328305
cey-1,1.010682,5.477132,3.243907
cey-2,6.222009,6.795778,6.5088935
cey-3,1.895462,4.53267,3.2140660000000003
cey-4,5.424975,21.31648,13.3707275
cfi-1,2.527046,7.074189,4.8006175
che-1,2.928883,6.513395,4.721139
cky-1,-1.654879,5.282446,1.8137835
cnd-1,5.310354,5.616567,5.4634605
crh-1,8.924245,7.451723,8.187984
dac-1,8.1534293,8.5331055,8.3432674
daf-3,3.021863,12.16749,7.5946765
daf-5,6.2497393,10.4182601,8.3339997
daf-8,1.940031,5.752269,3.84615
daf-12,8.403294,8.404528,8.403911
daf-16,5.177672,5.1777,5.177686
daf-19,6.752808,6.769708,6.761258
dcp-66,-5.765866,9.28613,1.760132
die-1,0.963097,5.397392,3.1802445
dnj-11,6.996268,8.031182,7.513724999999999
dpl-1,4.377723,8.839204,6.6084635
dpy-20,5.320536,5.852322,5.586429
dro-1,2.026,5.772818,3.899409
dsc-1,-7.348127,20.20373,6.4278015
ech-6,1.583109,6.566056,4.0745825
efl-1,4.0478881,9.8463587,6.9471234
efl-2,1.987546,7.856383,4.9219645
egl-5,1.11621539,7.22626608,4.1712407350000005
egl-13,7.675516,6.734642,7.205079
egl-18,6.053937,8.955957,7.504947
egl-38,5.134858,7.393574,6.264216
egl-43,0.7360457,6.2565003,3.496273
egl-44,7.183741,9.230171,8.206956
egl-46,8.620916,8.621015,8.6209655
ehn-3,4.123034,8.136726,6.12988
elt-1,1.91721,5.130708,3.523959
elt-2,1.975588,10.09918,6.037384
elt-3,3.547263,5.052266,4.2997645
elt-4,-0.2472971,9.016694,4.384698449999999
elt-6,7.558424,7.614296,7.58636
end-1,2.479962,8.417554,5.448758000000001
end-3,4.959837,7.344037,6.151937
eor-1,4.4639032,4.3861707,4.42503695
fos-1,4.4142405,6.8191414,5.616690950000001
eya-1,2.813055,7.005424,4.9092395
fax-1,6.928666,4.039146,5.483905999999999
fkh-2,2.857654,4.986311,3.9219825
fkh-3,2.4647906,6.0884903,4.27664045
fkh-4,0.1787606,7.0006424,3.5897015000000003
fkh-5,1.597323,9.578328,5.5878255
fkh-6,7.443892,7.222929,7.333410499999999
fkh-7,1.650642,11.03995,6.345295999999999
fkh-8,4.932648,8.261552,6.5971
fkh-9,6.3859426,10.0668914,8.226417
fkh-10,8.619777,8.620186,8.6199815
gei-3,8.62248,8.622486,8.622482999999999
snpc-4,1.2454788,22.8565271,12.05100295
gei-17,1.016336,9.988596,5.502466
gop-3,5.120651,15.56367,10.3421605
grh-1,4.4798,10.41904,7.44942
grl-25,4.516271,9.010857,6.763564
ham-1,-0.3456963,5.467552,2.56092785
ham-2,5.16478081,6.33496353,5.74987217
hbl-1,5.936971,6.752483,6.344727
hel-1,-6.587166,8.268864,0.8408490000000004
hif-1,4.766678,6.618825,5.6927515
him-8,-1.379127,6.547011,2.5839420000000004
hlh-1,4.994005,7.92646,6.4602325
hlh-2,3.798152,7.465061,5.6316065
hlh-3,0.6110821,7.503873,4.05747755
hlh-4,4.107845,7.030496,5.5691705
hlh-6,5.862296,3.257433,4.5598645
hlh-8,5.587909,5.872511,5.73021
hlh-10,-0.5202692,9.866681,4.6732059
hlh-11,2.124085,8.500966,5.3125255
hlh-12,2.0285202,4.3546888,3.1916045
hlh-13,0.8577963,6.241158,3.5494771500000004
hlh-14,0.6409641,2.0507251,1.3458446000000002
hlh-15,2.6740938,7.0603384,4.8672161
hlh-16,7.000323,10.59493,8.7976265
hlh-17,4.973136,9.2201578,7.0966469000000005
hlh-19,1.149989,4.733165,2.941577
hlh-25,5.055449,5.052615,5.054032
hlh-29,6.022865,6.021208,6.0220365000000005
hmg-1.1,2.874103,4.995719,3.934911
hmg-1.2,0.7322715,6.3568124,3.54454195
hmg-3,0.5048345,7.483781,3.99430775
hmg-4,-4.36235434,9.88216784,2.7599067499999994
hmg-5,0.4763469,5.2595922,2.86796955
hmg-11,0.7783792,5.4409676,3.1096734
hmg-12,7.5139444,8.7560488,8.134996600000001
hnd-1,0.8366792,4.039282,2.4379806
hsf-1,6.136145,8.503904,7.320024500000001
isw-1,1.333463,3.81995,2.5767065
lag-1,4.9562752,9.8923619,7.42431855
ldb-1,4.126935,10.090503,7.108719
let-381,3.048278,3.890241,3.4692595
let-607,-12.799,8.960073,-1.9194635
lim-4,-2.216392,6.107524,1.945566
lim-6,4.438391,6.113994,5.2761925000000005
lin-1,4.939384,6.215595,5.5774895
lin-26,8.253851,9.231877,8.742864
lin-28,1.708247,8.430423,5.069335
lin-29,1.784571,10.444518,6.1145445
lin-31,2.483619,5.070565,3.777092
lin-32,3.08101,6.252128,4.666569
lin-36,5.349916,6.54655,5.948233
lin-39,4.086891,6.907489,5.49719
lin-40,5.73768,5.757994,5.7478370000000005
lin-48,5.562542,10.06633,7.814436000000001
lin-54,-2.746727,4.239396,0.7463345000000001
lir-1,3.803937,10.1232,6.9635685
lir-2,8.430515,8.427284,8.4288995
lir-3,9.475542,9.398363,9.4369525
lpd-2,6.052353,8.943936,7.4981445
ccar-1,1.924208,6.833839,4.3790235
lsy-2,5.979555,8.740428,7.3599915
mab-3,4.244534,5.956752,5.100643
mab-5,1.0492175,9.9601029,5.5046602
mab-9,2.049804,12.18211,7.115957
mbf-1,-2.614189,7.561911,2.4738610000000003
mdl-1,1.123067,6.561297,3.842182
mec-3,2.549185,10.044244,6.2967145
med-1,5.3811,5.808736,5.594918
mef-2,4.595667,10.49851,7.547088499999999
mex-5,1.942611,7.528087,4.735349
mex-6,1.808482,8.113509,4.9609955
mgl-2,6.094742,5.946764,6.020753
mig-5,-1.2723099,21.2631817,9.9954359
mls-1,2.73397,19.52903,11.1315
mls-2,-6.781249,9.575821,1.3972859999999998
mml-1,10.24246,5.02109,7.631774999999999
mnm-2,2.583479,8.425941,5.50471
moe-3,1.2940073,6.4677853,3.8808963
klf-3,2.53408,8.970121,5.7521005
mxl-1,1.800351,7.566717,4.683534
mxl-2,6.033682,6.805311,6.419496499999999
mxl-3,-0.7278998,6.8757543,3.07392725
nfi-1,1.816729,6.314094,4.0654115
ngn-1,6.014066,7.13311,6.573588
nhr-1,13.14875,5.836325,9.4925375
nhr-2,0.6232866,3.489587,2.0564368
nhr-3,6.477485,10.151984,8.3147345
nhr-4,4.060146,8.103598,6.081872
nhr-5,4.499676,10.24887,7.374273
nhr-7,1.6214234,7.1436535,4.38253845
nhr-8,7.059024,10.554567,8.8067955
nhr-9,6.042006,6.035524,6.038765
nhr-10,4.960287,10.544742,7.7525145
nhr-11,6.8266913,9.3647926,8.09574195
nhr-12,6.49661,6.522506,6.509558
nhr-13,5.958661,8.062199,7.01043
nhr-15,3.986267,6.430166,5.2082165
nhr-16,0.4999094,8.1833724,4.3416409
nhr-17,2.452268,4.196136,3.324202
nhr-18,1.59869,6.989114,4.293902
nhr-19,1.925843,7.586079,4.755961
nhr-20,-2.035764,5.483773,1.7240045000000002
nhr-21,8.130031,8.127116,8.1285735
nhr-22,1.0487834,7.9588451,4.50381425
nhr-23,5.036575,0.05995059,2.548262795
nhr-25,-10.817501,12.5326822,0.8575906
nhr-28,3.911685,6.842014,5.3768495
nhr-31,2.543889,5.916277,4.2300830000000005
nhr-32,-9.106155,8.360866,-0.3726444999999998
nhr-34,2.495035,6.053055,4.274045
nhr-35,5.942901,9.16837,7.555635499999999
nhr-38,4.582766,7.097528,5.840147
nhr-40,5.147481,8.099132,6.6233065
nhr-42,5.731801,17.20818,11.4699905
nhr-43,2.159451,7.186752,4.6731015
nhr-44,1.556215,12.42202,6.9891175
nhr-46,-4.400877,6.342731,0.9709269999999997
nhr-47,1.946942,8.194923,5.0709325
nhr-48,-0.5741135,5.0453996,2.23564305
nhr-49,6.620075,6.623365,6.62172
nhr-50,6.57067,9.089296,7.829982999999999
nhr-51,7.191315,7.719888,7.4556015
nhr-52,-2.0547843,5.2165606,1.58088815
nhr-53,2.449608,10.166093,6.3078505
nhr-54,6.152037,6.150844,6.1514405
nhr-55,8.290971,8.764642,8.5278065
nhr-56,6.578691,8.870959,7.724824999999999
nhr-58,6.738481,8.935696,7.8370885
nhr-59,5.916786,5.916851,5.9168185
nhr-60,0.7907832,8.9690739,4.87992855
nhr-61,2.488513,8.376823,5.432668
nhr-62,8.33762308,8.33767708,8.33765008
nhr-63,5.18946,12.88949,9.039475
nhr-64,2.15039,12.693443,7.4219165
nhr-65,1.802975,8.029948,4.9164615
nhr-66,6.972879,6.97304,6.9729595
nhr-67,1.234783,1.975759,1.605271
nhr-68,-10.53875,19.57492,4.518084999999999
nhr-69,5.112181,7.66597,6.3890755
nhr-70,-1.5150241,6.2399632,2.36246955
nhr-71,7.201491,7.727885,7.464688
nhr-74,1.584662,4.067026,2.825844
nhr-78,8.342257,10.76637,9.5543135
nhr-79,2.100864,8.190362,5.145613
nhr-80,1.974441,9.473303,5.723872
nhr-81,4.331676,2.429008,3.380342
nhr-84,1.759503,6.224296,3.9918995
nhr-85,2.030714,7.869518,4.950116
nhr-86,0.4732479,10.74068,5.60696395
nhr-87,1.133294,4.997232,3.0652630000000003
nhr-88,3.487539,7.175826,5.331682499999999
nhr-90,7.448714,10.47268,8.960697
nhr-91,2.003813,8.597633,5.300723
nhr-93,6.001576,5.968455,5.985015499999999
nhr-94,0.6917175,7.455989,4.07385325
nhr-95,1.836102,5.114143,3.4751225000000003
nhr-96,7.8962462,7.8962856,7.896265899999999
nhr-97,1.712256,11.203379,6.4578175
nhr-98,0.258581,10.27564,5.267110499999999
nhr-99,4.497781,8.547873,6.522827
nhr-100,2.074519,5.053867,3.5641930000000004
nhr-102,2.062061,6.536348,4.2992045
nhr-103,1.753164,6.771031,4.262097499999999
nhr-104,6.03775,7.588833,6.8132915
nhr-105,6.23424,8.647113,7.440676499999999
nhr-106,7.011165,7.021136,7.0161505
nhr-107,5.971245,9.482899,7.727072
nhr-108,3.518552,8.124663,5.8216075
nhr-109,1.497141,10.04875,5.7729455000000005
nhr-111,7.99814,8.000425,7.9992825
nhr-112,8.577732,6.3891,7.483416
nhr-114,-6.6122568,19.0551086,6.2214259
nhr-115,9.214455,9.648483,9.431469
nhr-116,1.775945,8.045002,4.9104735
nhr-117,4.6038865,8.1560995,6.379993
nhr-119,5.109084,4.915496,5.01229
nhr-120,0.6920146,6.9530665,3.82254055
nhr-121,-2.4687998,8.1811406,2.8561704000000003
nhr-122,6.911963,9.07852,7.9952415
nhr-123,5.040464,10.20366,7.622062
nhr-124,7.461323,7.776865,7.619094
nhr-125,6.525864,6.570393,6.548128500000001
nhr-126,7.113833,10.04948,8.581656500000001
nhr-127,-4.541241,5.27786,0.3683095
nhr-128,6.0956615,8.5421969,7.3189292
nhr-129,1.932003,6.009808,3.9709055
nhr-130,2.488407,4.918914,3.7036605
nhr-131,9.41165673,9.42437476,9.418015745
nhr-132,1.989058,5.956787,3.9729225
nhr-133,7.495581,9.024638,8.260109499999999
nhr-134,2.636763,7.054774,4.8457685
nhr-135,8.78662,8.772974,8.779796999999999
nhr-136,3.460036,8.05918,5.759608
nhr-137,2.027216,3.953445,2.9903305
nhr-138,-0.78296,5.1015365,2.15928825
nob-1,5.03265,7.963326,6.497988
odd-1,4.161752,5.998769,5.0802605
odd-2,6.049375,8.98479,7.517082500000001
blmp-1,2.868489,5.025715,3.947102
odr-7,7.969435,8.026641,7.998037999999999
oma-1,7.172403,3.912049,5.542226
pag-3,-1.665439,7.772177,3.053369
pal-1,1.059841,3.568788,2.3143145
pat-9,0.8915493,7.62899,4.26026965
pax-1,3.466507,8.141494,5.8040005
pax-2,4.927961,4.951563,4.939762
pax-3,4.986044,8.450991,6.7185175
peb-1,-0.05495006,6.124535,3.03479247
pes-1,1.446709,2.801717,2.124213
pha-2,1.638941,10.40337,6.021155500000001
pha-4,6.761,6.761713,6.7613565
php-3,2.921348,9.8172958,6.3693219
pie-1,8.268999,8.543981,8.406490000000002
plp-1,1.436242,9.786081,5.6111615
pop-1,5.482457,7.490508,6.4864825
pos-1,-5.2480286,12.5129556,3.6324635
pqm-1,9.8329611,9.8619688,9.84746495
pqn-75,2.630779,16.516693,9.573736
prx-5,8.164442,8.723117,8.4437795
swsn-1,5.082769,8.210387,6.646578
rbr-2,0.391688,6.227226,3.309457
ref-1,5.889482,5.889506,5.889494
ref-2,7.894191,7.937074,7.9156325
rnt-1,5.243139,7.347531,6.295335
sbp-1,1.066984,6.554447,3.8107155
sdc-1,-4.308588,6.257853,0.9746324999999998
sea-1,1.779276,7.383627,4.5814515
sel-7,3.470501,6.026231,4.748366
sem-2,0.1738345,8.93204,4.55293725
sem-4,7.538713,7.546636,7.5426745
sex-1,4.314178,7.083563,5.6988705
skn-1,0.7404606,6.0940739,3.41726725
sma-2,1.928737,5.301652,3.6151945
sma-3,6.634998,6.828308,6.731653
sma-4,8.903252,8.964657,8.9339545
sma-9,1.89033,4.157628,3.023979
sox-2,4.615814,7.13435,5.875082000000001
sox-3,5.5095,10.040598,7.775048999999999
spe-10,7.027331,9.043374,8.0353525
spr-1,8.241993,9.743705,8.992849
spr-3,1.035705,7.899003,4.467354
spr-4,7.6159647,7.617651,7.616807850000001
F26F4.8,1.917404,4.961197,3.4393005000000003
tab-1,1.468064,2.06108,1.764572
ctbp-1,2.137202,6.104918,4.12106
tag-68,0.3116906,7.0609253,3.68630795
svh-5,7.320345,7.320408,7.3203765
let-391,1.08519,10.03965,5.56242
tbp-1,7.995418,10.176954,9.086186
tbx-2,1.823192,7.792081,4.8076365
tbx-7,4.501483,7.885697,6.19359
tbx-8,3.318924,8.630195,5.9745595
tbx-9,3.1959434,7.4662671,5.33110525
tbx-11,1.418544,3.813103,2.6158235
tbx-32,7.506764,7.511715,7.5092395
tbx-33,8.525244,1.862949,5.194096500000001
tbx-35,7.013218,7.00347,7.008344
tbx-36,8.051603,7.032771,7.542187
tbx-37,0.7666357,8.17191747,4.469276585
tbx-38,0.6566204,4.955089,2.8058547000000003
tbx-39,7.00593,7.020848,7.013389
tlp-1,3.886091,5.926028,4.9060595
tra-1,7.50252,9.030349,8.266434499999999
ttx-1,6.07503172,9.87032529,7.972678505
ttx-3,4.888324,10.01024,7.449282
uaf-2,1.447361,4.43814,2.9427505
unc-3,1.505342,5.053536,3.279439
unc-4,1.548393,6.030567,3.78948
unc-30,4.1160933,10.2991038,7.20759855
unc-39,2.322027,9.073806,5.6979165
unc-42,3.955843,7.462616,5.7092295
unc-62,1.02448,7.046855,4.0356675
unc-86,3.967077,6.268389,5.117733
unc-98,1.127542,5.017996,3.072769
unc-130,5.93241,5.93248,5.932445
vab-3,8.626424,2.059494,5.3429590000000005
vab-7,-0.9435062,4.873635,1.9650644
vab-15,1.576076,4.664395,3.1202355
xbp-1,1.856779,5.799924,3.8283515
zag-1,0.1891446,5.610221,2.8996828
zip-1,1.932145,5.575228,3.7536865
zyx-1,5.485689,9.141953,7.313821000000001
mdt-29,0.91317037,6.05324901,3.48320969
pbrm-1,0.255646,6.018668,3.137157
nfx-1,3.690888,7.727321,5.7091045000000005
dmd-6,1.215529,9.293246,5.2543875
2L52.1,1.088813,9.453978,5.2713955
B0019.2,6.9880071,8.2593296,7.623668349999999
C01F6.9,8.55903,8.557605,8.558317500000001
madf-5,1.956113,7.073969,4.515041
nhr-150,6.32677,8.176064,7.251417
ceh-57,6.947651,6.949049,6.94835
ceh-58,5.12115,7.03412,6.077635
npax-4,4.486381,6.744837,5.615609
nhr-153,4.859749,10.75856,7.8091545
nhr-154,7.964797,5.969058,6.966927500000001
dhhc-7,1.78016,9.582922,5.681541
C17E4.6,6.095856,6.889593,6.4927245
spe-44,7.348304,7.84831,7.598307
ceh-79,5.504681,10.0819,7.793290499999999
rad-26,1.030809,3.93147,2.4811395000000003
dmd-4,1.891422,6.308651,4.1000365
C34B4.2,1.934617,5.004705,3.4696610000000003
dmd-10,7.025776,7.005549,7.0156625
zip-5,7.03343,9.463913,8.2486715
C34F6.9,0.8620409,4.9084481,2.8852445
C35D6.4,0.8893949,5.969968,3.42968145
irx-1,2.978308,5.882757,4.4305325
C38D4.7,-0.06765269,2.80160335,1.36697533
athp-1,7.908947,8.095044,8.0019955
C44F1.1,5.064486,6.591408,5.827947
nhr-165,8.929016,8.869277,8.8991465
ceh-88,0.6326243,10.2632544,5.44793935
nhr-168,1.978764,8.306246,5.142505
nhr-169,6.022865,6.021208,6.0220365000000005
nhr-170,-4.833816,17.04143,6.103807
D1046.2,4.724163,9.6339,7.179031500000001
cdc-5L,-0.95988,5.23525,2.137685
D2030.7,1.16714959,9.089307507,5.128228548499999
F08G12.3,1.680687,9.157881,5.419284
dhhc-1,-2.16955686,8.37452448,3.10248381
nhr-175,1.549407,6.439597,3.994502
F10B5.3,7.00593,7.020848,7.013389
repo-1,5.2041636,10.9974051,8.10078435
ztf-2,5.118739,4.980514,5.0496265000000005
nhr-264,5.20488,5.830574,5.517727000000001
nhr-176,2.491486,7.087015,4.7892505
F16B12.6,-1.583166,4.645826,1.5313299999999996
nhr-281,5.20488,5.830574,5.517727000000001
plp-2,1.943556,8.472459,5.208007500000001
myrf-2,-3.760906,6.194873,1.2169835000000002
F21D5.9,-4.311948,7.847767,1.7679095
F22D6.2,4.007935,8.845428,6.4266815
bed-3,-0.2600531,8.194206,3.96707645
F26H9.2,4.433017,10.82603,7.629523499999999
nurf-1,0.1471508,7.4055446,3.7763477
F27D4.4,9.490719,9.491229,9.490974
F27D4.6,2.538256,8.994886,5.766571
aptf-4,16.12853,4.157501,10.1430155
aptf-3,9.17644102,9.62471475,9.400577885
ceh-89,1.727002,3.956645,2.8418235
F33H1.4,5.865483,14.23704,10.0512615
zfp-2,5.94266,0.9266945,3.43467725
madf-2,2.000787,8.50048,5.250633499999999
row-1,5.720402,8.678254,7.199328
ccch-1,8.558132,5.729339,7.1437355
ccch-2,6.970947,9.069584,8.0202655
F38C2.7,4.631232,8.111339,6.371285499999999
hinf-1,1.457557,4.47007,2.9638135
psa-3,4.030093,6.053745,5.041919
drap-1,2.376337,7.488782,4.9325595
F43G9.12,0.1083231,6.453019,3.28067105
sptf-1,-12.2911564,21.6593671,4.68410535
ztf-7,-4.272731,8.205213,1.966241
hmg-6,1.4302806,7.6999437,4.56511215
lsy-27,0.8430545,6.797251,3.82015275
efl-3,4.047767,9.217624,6.6326955000000005
F52B5.7,1.840207,5.679401,3.759804
lsl-1,0.4538763,6.098352,3.27611415
ztf-11,0.3105691,4.9326458,2.6216074500000004
frpr-9,5.336853,5.822409,5.579631
klf-2,2.90466941,5.69834678,4.301508095
gmeb-2,2.477713,2.464897,2.471305
saeg-1,2.667496,7.514926,5.091211
F55B11.4,-5.59874524,9.11048087,1.7558678149999998
ztf-26,6.303257,9.646314,7.9747855
F57A8.1,2.868513,6.838948,4.8537305
nhr-192,9.01517,8.993947,9.0045585
nhr-283,8.377013,8.629094,8.5030535
nhr-193,1.594115,3.992872,2.7934935000000003
sta-2,1.874285,3.922192,2.8982385
F58G1.2,3.285759,5.10887,4.1973145
dhhc-12,8.996642,9.004706,9.000674
memi-3,3.958903,9.461874,6.7103885
fozi-1,4.5032716,10.1151705,7.30922105
rnf-113,3.111123,21.34351,12.2273165
K04C1.3,0.8514539,1.8854051,1.3684295
nhr-196,7.953561,8.052686,8.0031235
nhr-197,5.522478,7.565084,6.543781
nhr-199,6.092006,8.429493,7.2607495
K07A12.1,0.9259919,7.9758089,4.4509004
K09A11.1,-4.775925,4.135502,-0.3202115000000001
K11H3.4,2.978129,6.5043,4.7412145
somi-1,8.320183,8.3339512,8.3270671
dhhc-6,5.865637,9.603406,7.7345215
ztf-14,7.26236647,8.5845201,7.923443285
ceh-90,9.031296,8.993419,9.0123575
nhr-205,8.501489,10.59338,9.5474345
R06C1.6,6.1953723,7.065933,6.63065265
ztf-15,4.090701,6.008701,5.049701000000001
ceh-62,4.8459654,10.7224593,7.784212350000001
nhr-206,0.6379323,8.0797918,4.35886205
nhr-207,3.510195,6.257831,4.884013
nhr-208,7.334679,7.783615,7.559147
nhr-209,6.377964,7.650156,7.014060000000001
R07E5.5,2.485646,10.21268,6.349163000000001
zip-6,7.223121,7.784511,7.503816
R10E4.11,-0.9767242,15.44885,7.2360629
npax-3,0.81912311,10.11894245,5.46903278
miz-1,1.369946,9.583926,5.476936
mbr-1,4.114374,9.297113,6.7057435
hlh-34,6.0184605,9.955845,7.98715275
gla-3,0.5045932,7.581052,4.0428226
pzf-1,0.73770139,10.28109458,5.509397985
nhr-213,8.484479,8.484474,8.4844765
nhr-272,7.997303,7.997418,7.997360499999999
nhr-214,7.00593,7.020848,7.013389
nhr-26,-1.032211,10.21011,4.5889495
madf-4,0.7124702,4.530426,2.6214481000000003
T07D10.3,7.953561,8.052686,8.0031235
zim-1,8.249553,8.56336,8.4064565
zim-2,1.8514466,6.944884,4.3981653000000005
zim-3,1.894317,4.934567,3.414442
nfya-1,0.8448433,4.0663007,2.455572
ztf-27,5.787977,8.774345,7.281161
rbm-22,7.977465,12.530469,10.253967
nhr-218,2.487598,6.093995,4.2907965
T20F10.2,1.476244,10.77213,6.124187
T22C8.3,2.42874,5.06101,3.744875
sptf-2,0.7628813,10.1420232,5.45245225
T23F11.4,5.263462,5.866373,5.5649175
saeg-2,-7.004017,8.4241104,0.7100466999999999
jun-1,4.5448997,7.1335538,5.83922675
nhr-285,7.953561,8.052686,8.0031235
T27A8.2,1.8309926,7.0483286,4.4396606
hmg-20,6.079272,8.002325,7.0407985
W02D9.4,8.036245,7.975048,8.0056465
ccch-3,2.998706,8.599356,5.799031
zip-3,1.7791319,6.5372316,4.15818175
Y5F2A.4,1.049041,3.547361,2.298201
ztf-25,-2.119479,6.49835,2.1894355
flh-1,-3.447999,6.003624,1.2778125000000002
flh-3,4.044464,5.778003,4.9112335
nhr-230,5.244932,8.543546,6.894239
nhr-231,-1.909959,10.21194,4.1509905
Y17G7B.20,1.647064,5.331527,3.4892955000000003
nhr-232,5.50224,9.495124,7.498682
cec-7,5.653702,16.71996,11.186831
ceh-100,1.949122,8.487289,5.2182055
rabx-5,1.9748,8.960479,5.4676395
bed-1,5.390722,6.761898,6.07631
ztf-20,4.957514,6.50878,5.733147
nhr-145,6.300226,6.759502,6.529864
snpc-1.2,-0.6701834,4.8547,2.0922583
dhhc-8,8.43943654,8.43889948,8.43916801
sptf-3,6.991749,8.747392,7.8695705
dmd-3,1.831319,5.932031,3.881675
bed-2,2.026161,6.091586,4.058873500000001
dhhc-2,5.553274,8.159684,6.856479
sup-35,2.5626968,8.2540172,5.408357
ztf-22,2.084046,7.119063,4.6015545
Y48C3A.12,6.448834,9.863844,8.156339
lin-38,5.955074,8.975573,7.4653235
ing-3,7.115036,7.706574,7.410805
mcd-1,0.4586686,3.3161857,1.88742715
zip-7,0.9494897,3.0459572,1.99772345
sta-1,2.014543,4.808341,3.411442
dxbp-1,5.490646,7.259857,6.3752515
eyg-1,1.1136874,6.5227902,3.8182388
Y53H1A.2,4.867789,6.872571,5.87018
Y56A3A.18,1.076721,5.915013,3.495867
Y56A3A.28,3.0243,7.496906,5.260603
Y57A10A.31,3.533883,12.50744,8.020661500000001
ccch-5,1.683895,10.24388,5.9638875
Y60A9.3,4.123016,7.468354,5.795685
memi-2,6.376543,6.715614,6.5460785
aptf-2,1.78118,10.772205,6.276692499999999
ceh-91,2.02818516,9.86387701,5.946031085
ztf-29,0.1545429,7.108407,3.63147495
Y67H2A.10,4.933318,7.211069,6.0721935
zip-12,-3.20908614,7.06604769,1.928480775
Y79H2A.3,0.2217565,6.961572,3.59166425
ceh-51,1.746979,7.088674,4.4178265
nhr-243,8.628546,8.628698,8.628622
atg-4.1,-1.9763061,8.9099146,3.46680425
Y105C5A.15,-3.610584,11.002858,3.696137
hlh-32,-9.652402,18.91772,4.632658999999999
ekl-4,4.705761,14.90888,9.8073205
madf-10,6.913585,6.913928,6.9137565
Y111B2A.10,6.646997,6.647472,6.6472345
dct-13,3.410532,5.98851,4.699521
Y116A8C.19,0.7014181,3.1943446,1.94788135
Y116A8C.20,4.971373,7.398008,6.1846905
athp-3,8.036545,0.7905708,4.4135579
ceh-74,4.1023601,4.788071,4.44521555
atfs-1,1.990139,6.254509,4.122324
ztf-9,6.4399003,10.6332706,8.53658545
klu-1,6.499107,10.20645,8.3527785
hizr-1,8.310935,8.04173,8.176332500000001
ZK673.4,7.093072,8.002141,7.5476065
nhr-255,10.06489,10.08501,10.07495
dhhc-4,7.247705,15.7689,11.5083025
sdz-38,6.846314,8.863357,7.8548355
ttll-4,6.00307,10.533582,8.268326
ZK1320.3,4.572105,6.496148,5.534126499999999
B0238.11,2.6837572,7.1608996,4.9223284
B0261.1,2.240745,6.247099,4.243922
B0310.2,0.6603587,8.8618467,4.7611027
B0336.7,6.762941,1.952921,4.357931
gmeb-1,7.401292,7.729012,7.565151999999999
C02F5.12,3.9189538,3.9312493,3.92510155
nhr-147,8.838288297,9.158730479,8.998509388
nhr-148,7.10089,10.74882,8.924855
C04F5.9,8.9439,9.209499,9.0766995
attf-4,1.916205,5.824849,3.870527
nhr-76,5.9621736368,7.9657030019,6.96393831935
ztf-30,2.803365,9.025807,5.914586
C06E2.1,4.5242655,7.8255866,6.17492605
ceh-53,3.87242,8.968161,6.4202905
nhr-152,8.215424,11.70293,9.959177
sox-4,0.3302255,8.691339,4.510782249999999
C16A3.4,5.743201,7.383381,6.563291
nhr-156,-0.1766367,7.131162,3.47726265
nhr-158,8.95353,8.996437,8.9749835
ceh-48,-8.0525261,9.4165723,0.6820231000000003
swsn-2.2,3.482683,21.88337,12.6830265
elt-7,7.046397,8.942353,7.994375
elf-1,5.35377,14.70036,10.027065
nhr-30,9.097226,8.898673,8.9979495
nhr-258,1.989431,6.549744,4.2695875
flh-2,6.094529,6.094556,6.094542499999999
dpff-1,1.873398,5.849887,3.8616425
nhr-161,0.2719986,8.23662,4.2543093
nhr-139,8.051054,6.475805,7.263429500000001
nhr-140,1.868298,6.826132,4.347215
nhr-162,4.541405,9.018252,6.779828500000001
nhr-163,9.311311,9.499288,9.4052995
zgpa-1,7.587786,0.996691,4.2922385
nhr-260,6.511176,10.13515,8.323163
ets-5,-0.1886665,7.060881,3.43610725
dhhc-9,3.880529,8.539151,6.20984
C46E10.9,6.022865,6.021208,6.0220365000000005
C46H3.2,1.59821,6.582209,4.0902095
nhr-166,9.141124,8.94341,9.042267
nhr-261,7.00593,7.020848,7.013389
ets-8,3.27394,3.729523,3.5017315
ets-9,-2.058818,6.20903,2.075106
lst-5,2.985079,8.437105,5.711092000000001
ztf-3,2.622545,2.5845762,2.6035606
nhr-171,6.947876,6.975146,6.961511
nhr-172,2.03566,6.467735,4.251697500000001
scrt-1,1.8548648,4.8985299,3.37669735
nhr-173,5.444923,1.895653,3.670288
cebp-1,6.280116,8.899905,7.5900105
nhr-36,9.2193145,9.7004566,9.45988555
attf-2,5.048767,1.4355,3.2421335
dmd-5,2.740015871,7.954048068,5.3470319695
F10E7.11,2.515117,17.97738,10.2462485
nhr-263,1.052743,9.475941,5.264342
sdz-12,8.951286,9.014346,8.982816
F13C5.2,-0.1039555,7.926133,3.91108875
bcl-11,2.62536,14.00272,8.31404
nhr-177,1.9816086227,4.1787991762,3.08020389945
nhr-178,2.503912,10.08521,6.294561
nhr-179,1.025679,10.453755,5.739717
atf-8,5.030814,10.462882,7.746848
ceh-49,6.6568068,9.0207824,7.8387946
F19F10.1,0.06382079,5.94212,3.002970395
ets-7,0.9790497,10.1835047,5.581277200000001
F21A9.2,6.964697,8.229537,7.597117000000001
ceh-60,3.13003,3.872923,3.5014765
ubxn-1,4.486579,7.511914,5.9992465
nfyc-1,5.995172,9.196954,7.596063
zip-8,1.993154,7.030947,4.5120505
nhr-141,4.572062,8.427608,6.499834999999999
F26A10.2,-3.449657,7.713587,2.131965
nhr-180,7.955518,7.926698,7.941108
ada-2,-7.6000187,10.2212515,1.3106163999999998
dhhc-3,4.6765319,4.6781491,4.6773405
ceh-87,2.50699591,5.09731609,3.802156
ztf-28,1.009911,6.504295,3.757103
F37B4.10,8.687484,8.684466,8.685975
nhr-181,-5.348742,8.564933,1.6080955
F40G9.14,7.883515,10.00538,8.9444475
nhr-182,6.311812,6.315251,6.3135315
nhr-183,2.487233,6.9907421,4.73898755
ceh-86,6.96189796,8.17664006,7.56926901
nhr-37,6.601441,9.429175,8.015308000000001
nhr-184,5.2491084,8.9737146,7.111411499999999
F44E2.7,0.1107717,4.99309,2.55193085
nhr-142,7.22371,8.709485,7.966597500000001
ceh-82,4.331676,2.429008,3.380342
ceh-83,2.019669,5.97343,3.9965495
nhr-185,7.00593,7.020848,7.013389
nhr-186,5.902972,10.25869,8.080831
nhr-187,6.094742,5.946764,6.020753
nhr-188,0.7438062,10.1840255,5.46391585
nhr-189,7.00593,7.020848,7.013389
npax-2,2.149307,4.414049,3.2816780000000003
nhr-190,6.334753,6.334929,6.334841
ztf-13,1.045016,5.917454,3.481235
tra-4,0.6786532,6.0355174,3.3570853
hmbx-1,1.783906,8.576942,5.180424
ztf-1,4.998122,8.511687,6.7549045
F54F2.9,4.99398,9.9303522,7.462166099999999
F56D1.1,4.4774352,4.7568278,4.6171315
klf-1,7.149945,10.0977,8.6238225
F57C9.4,1.947585,7.033426,4.4905055
nhr-195,8.287933,8.648876,8.4684045
nhr-143,2.078141,7.933125,5.005633
madf-3,0.823493,8.905297,4.864395
zip-2,4.117772,7.23904,5.678406000000001
dhhc-10,7.951532,9.918721,8.935126499999999
lect-2,6.309559,8.069728,7.1896435
aptf-1,6.301996,10.2885446,8.2952703
dmd-7,2.492094,2.46689,2.479492
K10B3.5,0.7423373,8.529527,4.63593215
cid-1,5.35835,9.099656,7.229003
K11D12.12,5.6759017,9.7300899,7.7029958
K12H6.12,8.34057374,8.342985383,8.341779561500001
nhr-201,0.8271645,6.9748762,3.90102035
nhr-202,6.252503,6.814573,6.533538
nhr-203,0.2377758,4.097725,2.1677504
M03D4.4,1.909678,6.79494,4.352309
nhr-204,2.481936,10.029417,6.2556765
R02D3.7,7.178017,8.08398,7.6309985
ceh-93,-8.2286387,18.9606191,5.3659902
R05D3.3,3.726034,5.149894,4.437964
ztf-16,0.7101061,8.8672837,4.788694899999999
nhr-210,7.00593,7.020848,7.013389
nhr-270,9.0045162,9.0686937,9.03660495
dhhc-5,5.085504,7.003055,6.0442795
R144.3,0.9379882,7.9893839,4.46368605
nhr-211,8.446213,8.445703,8.445958000000001
nhr-212,1.87839691,6.1762892,4.027343055
attf-5,2.010242,12.53218,7.271211
ast-1,-2.676325,6.58153,1.9526025
nhr-216,8.2168227,8.2023324,8.209577549999999
ztf-4,-0.1502347,6.3172658,3.08351555
T10D4.6,6.726474,6.731617,6.7290455
nhr-273,5.929002,8.109208,7.019105
ceh-54,-13.57124,6.857662,-3.356789
nhr-219,8.205209,10.22685,9.2160295
T20F7.1,6.651252,18.09405,12.372651
dhhc-11,5.083737,9.486762,7.285249500000001
dmd-8,-1.19768632,9.21516843,4.008741055
nhr-221,1.976758,9.03515,5.505954
nhr-222,7.00593,7.020848,7.013389
T24C4.2,2.722216,4.055785,3.3890005
ztf-18,3.8943456,12.1651063,8.02972595
T24G10.2,-5.414514,6.418367,0.5019265000000002
T26A5.8,2.282827,5.141021,3.711924
T26A8.4,6.267235,15.57904,10.9231375
nhr-225,2.769473,6.528493,4.648983
nhr-226,2.4893517,6.160294,4.32482285
nhr-228,-4.159591,12.81022,4.325314499999999
hlh-30,2.116287,5.053099,3.584693
W02D7.6,1.068602,8.550257,4.8094295
sknr-1,2.880996,4.966041,3.9235185
W03F9.2,4.932609,7.244313,6.088461000000001
zfp-3,6.028591,8.03038,7.0294855
zip-11,1.02628108,7.96550314,4.49589211
nfyb-1,6.024566,8.475364,7.249965
Y37E11B.1,5.932657,5.931641,5.932149
Y37F4.6,5.999093,9.181258,7.5901755
nhr-236,7.90849711,7.915043,7.911770055
hlh-33,7.443892,7.222929,7.333410499999999
rabs-5,6.13561,7.147125,6.641367499999999
zip-4,4.637576,6.779764,5.70867
nhr-237,2.4603423,17.7832665,10.1218044
nhr-238,6.3105204,8.9832133,7.646866849999999
Y47G6A.7,0.567825,7.500963,4.034394
Y48G8AL.10,1.83754,8.2359,5.036720000000001
Y48G9A.11,7.992573,8.03612,8.0143465
Y52E8A.2,1.993214,7.466726,4.72997
Y53G8AR.9,1.91136,7.439716,4.675538
ztf-23,7.701186,13.04204,10.371613
nhr-239,5.800314,8.843413,7.3218635
Y55F3AM.14,5.284359,5.826156,5.5552575
madf-1,7.009809,10.485938,8.7478735
Y66H1A.4,6.491641,7.320889,6.906265
dmd-9,8.925403,8.926009,8.925706
rcor-1,-2.7826455,11.1750667,4.196210600000001
Y82E9BR.1,3.827168,7.520525,5.6738465
Y82E9BR.17,3.797489,5.840475,4.818982
nhr-277,0.6356859,10.3011026,5.46839425
nhr-41,7.1105264,9.2071002,8.1588133
zfh-2,8.75604671,8.75386349,8.7549551
duxl-1,3.202452,9.056928,6.12969
ZC204.12,1.860356,6.010644,3.9355
klu-2,7.103313,6.995098,7.049205499999999
ztf-8,6.994959,8.938966,7.9669625
madf-9,6.504743,10.11723,8.3109865
nhr-252,3.017147,2.971006,2.9940765000000003
ZK177.3,6.042006,6.035524,6.038765
ZK185.1,2.587033,6.776652,4.6818425
ZK328.6,6.159018,5.072364,5.615691
ZK546.5,4.555286,7.59502,6.075153
ZK652.6,9.049357,9.705787,9.377572
snu-23,1.740459,4.830493,3.285476
ZK686.5,7.47758,9.11916,8.29837
nhr-256,5.915434,9.825065,7.8702495
ceh-45,5.185931,7.62316,6.4045455
nfya-2,5.580662,9.767039,7.6738505
egrh-2,-0.4889829,7.560029,3.53552305
ceh-99,5.046937,5.046977,5.046957
syd-9,4.242812,5.977775,5.1102935
dhhc-14,-8.215122,7.332009,-0.4415564999999994
alr-1,0.8393113,5.9572973,3.3983043
nsy-7,-4.124704,7.382725,1.6290104999999997
nhr-286,3.501961,8.066954,5.7844575
tbx-43,0.4519488,4.978415,2.7151819
ceh-63,1.555587,6.572662,4.0641245
nhr-146,5.800442,5.804847,5.8026445
maf-1,3.106934,3.054653,3.0807935
