gene_short_name,gene_id,cell_group,marker_score,mean_expression,fraction_expressing,specificity,pseudo_R2,marker_test_p_value,marker_test_q_value
php-3,WBGene00004024,BWM_far_posterior,0.470125475197173,0.644934494418217,0.497737556561086,0.944524818350684,0.443054188337922,3.8867818777799497e-122,1.98614553954556e-118
nob-1,WBGene00003779,BWM_far_posterior,0.461550423008922,0.614112545138551,0.538461538461538,0.857165071302284,0.431273730014244,1.44180494194526e-118,7.36762325334028e-115
vab-7,WBGene00006873,BWM_far_posterior,0.662571600154147,2.34096406930492,0.81447963800905,0.813490686855925,0.614973572465973,4.17063523580709e-177,2.1311946054974204e-173
psa-3,WBGene00009560,BWM_far_posterior,0.389962305412856,1.03421317423706,0.484162895927602,0.805436163516274,0.365255643510038,5.46228887350899e-99,2.7912296143630905e-95
vab-8,WBGene00006874,BWM_far_posterior,0.503382808094737,1.63383880894396,0.665158371040724,0.756786398564196,0.468991743161431,4.43383723992443e-130,2.26569082960139e-126
dmd-3,WBGene00012832,BWM_far_posterior,0.304185566565798,0.76758188121146,0.429864253393665,0.707631686432015,0.239263381759757,1.79445497198842e-63,9.169664906860821e-60
mab-5,WBGene00003102,BWM_posterior,0.271360270136614,0.576641294839743,0.394520547945205,0.687822906943502,0.307257818194898,1.53591096577047e-132,7.8485050350871e-129
lin-39,WBGene00003024,BWM_posterior,0.286049541700103,1.06877467478199,0.426027397260274,0.671434615566157,0.231610216760025,2.5381177513517e-97,1.2969781709407201e-93
ham-1,WBGene00001820,BWM_head_row_1,0.161546591439756,0.848988551750874,0.24390243902439,0.662341024903001,0.0817930317426805,2.8761423769906e-16,1.46970875464219e-12
ceh-34,WBGene00000455,BWM_head_row_1,0.634186547120827,13.9962507332028,0.975609756097561,0.650041210798848,0.748806588315353,9.974056179197669e-153,5.09674270757001e-149
ceh-13,WBGene00000437,BWM_anterior,0.323639014630456,0.751281467982844,0.5,0.647278029260911,0.339543894245883,4.20889414637007e-155,2.1507449087951103e-151
eya-1,WBGene00001377,BWM_head_row_1,0.577048472286017,4.04980906389122,0.902439024390244,0.639432090911533,0.606125965994997,1.50316830435824e-120,7.68119003527059e-117
fkh-2,WBGene00001434,BWM_head_row_1,0.564598497157625,11.6912411739067,0.975609756097561,0.578713459586565,0.600613545805787,2.41287970101613e-119,1.23298152721924e-115
zig-12,WBGene00019727,BWM_posterior,0.101620014022547,0.233243368451424,0.178082191780822,0.570635463357378,0.0875630508243355,6.00028764323617e-36,3.06614698569368e-32
hnd-1,WBGene00001981,BWM_head_row_1,0.304090750038336,2.94701978633998,0.536585365853659,0.566714579616899,0.165901696072167,8.85551179302108e-32,4.52516652623377e-28
tlp-1,WBGene00006580,BWM_far_posterior,0.454246043464758,2.11458593283697,0.823529411764706,0.551584481350063,0.29738752402931,1.42873137513818e-79,7.30081732695612e-76
sem-4,WBGene00004773,BWM_posterior,0.10118348611483,0.178754524204866,0.193150684931507,0.523857764991673,0.0512437475448207,1.8667426850294802e-21,9.539055120500669e-18
tnt-3,WBGene00006588,BWM_posterior,0.24433039357244,1.03474752605523,0.473972602739726,0.515494761005436,0.151873372756338,1.63033822481889e-62,8.33102832882452e-59
lin-1,WBGene00002990,BWM_anterior,0.0689377396597747,0.132476592324196,0.136865342163355,0.503690259127063,0.0403551433475824,8.33478293053781e-18,4.25907407750482e-14
unc-54,WBGene00006789,BWM_far_posterior,0.0751689795977949,0.167158094246749,0.149321266968326,0.503404378518566,0.0356125511509051,2.41383468259344e-10,1.23346952280525e-06
irx-1,WBGene00007984,BWM_anterior,0.0932648673017739,0.258413236911609,0.188741721854305,0.494140174125188,0.0058751654055326,0.0011198854052781,1.0
nhr-66,WBGene00003656,BWM_head_row_1,0.0434764309614549,0.160724144950641,0.0894308943089431,0.48614554620536,0.0198086679647247,6.22544850262642e-05,0.31812041848421
spr-4,WBGene00005009,BWM_head_row_1,0.100190234215958,0.344679709388849,0.219512195121951,0.456422178094921,0.0349515063013684,1.00731459372455e-07,0.0005147377573932
ztf-13,WBGene00018704,BWM_head_row_1,0.110376054456353,0.339689271634752,0.24390243902439,0.452541823271049,0.0407634859797412,8.71990957826023e-09,4.45587379449098e-05
T23F11.4,WBGene00011956,BWM_head_row_1,0.0498906827087666,0.137557099915255,0.113821138211382,0.438325283798449,0.0180968148164573,0.0001299070267099,0.663824906488074
unc-62,WBGene00006796,BWM_posterior,0.401931870768052,3.77542827664079,0.932876712328767,0.430852078796884,0.195079481332906,4.23262549645394e-81,2.16287162868796e-77
vab-15,WBGene00006881,BWM_far_posterior,0.083808415873095,0.172806296802065,0.194570135746606,0.430736276929163,0.0425503959465662,4.289131478324789e-12,2.19174618542397e-08
lev-11,WBGene00002978,BWM_far_posterior,0.229950490260456,1.71118856169002,0.53393665158371,0.430669985996277,0.0509890038326797,3.18527123844824e-14,1.62767360284705e-10
Y45G5AM.6,WBGene00021558,BWM_far_posterior,0.14997376469904,0.370191318933122,0.34841628959276,0.430444181798544,0.0499499009570512,5.82681382498019e-14,2.97750186456488e-10
ceh-99,WBGene00044032,BWM_far_posterior,0.108984140516279,0.359936826929245,0.253393665158371,0.430098125966029,0.0322088773941158,1.74593553559764e-09,8.92173058690394e-06
tbx-2,WBGene00006543,BWM_head_row_2,0.16901052917698,2.06442792332503,0.40625,0.416025917974106,0.024391502835682,3.89655315627956e-05,0.199113866285885
flh-2,WBGene00016138,BWM_head_row_1,0.137224172691502,0.576315434988675,0.333333333333333,0.411672518074505,0.0443888417451816,1.89996797422256e-09,9.70883634827728e-06
atf-2,WBGene00000220,BWM_head_row_2,0.0463898521493023,0.186365824942686,0.114583333333333,0.40485689148482,0.0144876858736553,0.001534656992487,1.0
pxn-2,WBGene00004257,BWM_head_row_2,0.331596385252487,2.76775993643082,0.822916666666667,0.402952569420744,0.0903411048768129,1.80902987322281e-15,9.24414265216855e-12
hlh-2,WBGene00001949,BWM_head_row_1,0.0553355281999055,0.220540425801444,0.138211382113821,0.400368821681669,0.0071937033781529,0.0159315695617184,1.0
set-18,WBGene00044070,BWM_head_row_2,0.189575116038369,1.17638195600776,0.479166666666667,0.395635024775727,0.042586407266218,5.25718722953248e-08,0.0002686422674291
bed-1,WBGene00012674,BWM_head_row_1,0.056690843187027,0.206065774196469,0.146341463414634,0.387387428444685,0.0091974792411411,0.0064098359695334,1.0
madd-2,WBGene00016539,BWM_far_posterior,0.141650340618961,0.462480898683847,0.366515837104072,0.386478089836918,0.0803654097209515,1.15420310454337e-21,5.8979778642166e-18
unc-120,WBGene00006844,BWM_head_row_1,0.362277389613308,3.90978473324072,0.943089430894309,0.384138956227904,0.219194226447543,8.341467577709739e-42,4.26248993220968e-38
daf-16,WBGene00000912,BWM_head_row_1,0.0498309608815078,0.173665103008206,0.130081300813008,0.383075511776591,0.0177613547956377,0.0001501040592133,0.767031742580311
tni-1,WBGene00006584,BWM_far_posterior,0.113239421820286,0.474893444893648,0.298642533936652,0.379180488216414,0.0291044576206918,1.06308704564371e-08,5.43237480323934e-05
spon-1,WBGene00006893,BWM_posterior,0.337533056363402,2.51910702121558,0.891780821917808,0.378493289009652,0.296528747698498,2.10414869015065e-127,1.0752199806669799e-123
Y79H2A.3,WBGene00013580,BWM_head_row_2,0.0464719606808693,0.150026445252134,0.125,0.371775685446955,0.0110209026774016,0.0057368631757724,1.0
C02F5.12,WBGene00015352,BWM_head_row_1,0.135229335505428,0.570039588108054,0.365853658536585,0.369626850381504,0.0319692156375293,3.54527945713554e-07,0.0018116378025962
pfn-3,WBGene00003991,BWM_far_posterior,0.0784606252183193,0.197703380567048,0.212669683257919,0.368931876026565,0.0238299362950832,2.30376124694056e-07,0.0011772219971866
bed-2,WBGene00012943,BWM_head_row_2,0.0650800570983434,0.290413482922938,0.177083333333333,0.367510910672998,0.0075839816971913,0.0219618440416286,1.0
Y82E9BR.17,WBGene00022349,BWM_anterior,0.164613427495708,0.533362899658421,0.448123620309051,0.367339323426383,0.0299609667696923,1.45326111809049e-13,7.42616431344238e-10
unc-82,WBGene00006814,BWM_far_posterior,0.142505277604483,0.428803705710503,0.389140271493213,0.366205422681286,0.030047999806978,6.1378866580187215e-09,3.13646008224757e-05
B0336.7,WBGene00015147,BWM_head_row_2,0.041856954979503,0.200006299387742,0.114583333333333,0.365297061639299,0.0016364107458731,0.287434335314881,1.0
myo-3,WBGene00003515,BWM_posterior,0.0664290952753963,0.175906688386113,0.182191780821918,0.364610823692025,0.0227732531609185,2.81106422181208e-10,1.43645381734597e-06
mlc-2,WBGene00003370,BWM_far_posterior,0.0836535735086071,0.302844570550293,0.230769230769231,0.362498818537297,0.0207580131410463,1.39042874842393e-06,0.0071050909044462
F26F4.8,WBGene00005011,BWM_far_posterior,0.102859505116216,0.252679827385923,0.285067873303167,0.360824613185456,0.0128777580824347,0.0001458533661537,0.745310701045594
gei-15,WBGene00001572,BWM_far_posterior,0.0739729851589735,0.240873371673963,0.212669683257919,0.347830419577301,0.0157412716228675,2.66345655576177e-05,0.136102629999427
K07A12.1,WBGene00010620,BWM_head_row_1,0.0450900316676376,0.177554812215612,0.130081300813008,0.346629618444964,0.0041466968498087,0.0673011264723848,1.0
D1007.4,WBGene00017002,BWM_head_row_1,0.0562657937598449,0.219412059097722,0.16260162601626,0.346034631623046,0.0058269105234798,0.0300682266553812,1.0
gsnl-1,WBGene00010593,BWM_far_posterior,0.106694815162138,0.494160136300867,0.312217194570136,0.341732668852644,0.0247699702404414,1.3304449285319e-07,0.0006798573584797
hlh-1,WBGene00001948,BWM_head_row_1,0.290413706946069,2.88894264395854,0.861788617886179,0.336989490135533,0.0707651182055418,2.95869444104275e-14,1.51189285937284e-10
cpd-2,WBGene00012073,BWM_head_row_1,0.19175517918875,1.10151298422214,0.569105691056911,0.336941243431661,0.0315872453201001,4.16601183478212e-07,0.0021288320475736
mei-1,WBGene00003183,BWM_head_row_2,0.0419375284053573,0.171942491142302,0.125,0.335500227242858,0.0052387741899932,0.0569341858052337,1.0
rnf-5,WBGene00004381,BWM_head_row_1,0.0704164902670801,0.270980041657676,0.211382113821138,0.333124165494263,0.0114359276735997,0.0023635602585657,1.0
hsp-12.1,WBGene00011906,BWM_head_row_2,0.0830290219639662,0.439155185054181,0.25,0.332116087855865,0.0122681961656379,0.0035586937666267,1.0
unc-27,WBGene00006764,BWM_posterior,0.110927407766461,0.36285390619931,0.336986301369863,0.329174827924864,0.0196372353698682,4.76668679469173e-09,2.43577695208747e-05
dys-1,WBGene00001131,BWM_anterior,0.0812694200851024,0.223142175658995,0.250551876379691,0.324361650207501,0.0179100371576422,1.18441795895235e-08,6.05237577024651e-05
M03D4.4,WBGene00019751,BWM_head_row_2,0.215375383246643,1.46895881661602,0.666666666666667,0.323063074869965,0.0118911255975544,0.0041096410122361,1.0
unc-95,WBGene00006824,BWM_head_row_2,0.0704063336552886,0.407595816527511,0.21875,0.321857525281319,7.84271834578393e-05,0.815873762428514,1.0
pat-10,WBGene00003934,BWM_posterior,0.307152284813393,17.237082093602,0.973972602739726,0.31536029242444,0.245054468896698,2.04385732559684e-103,1.04441109337998e-99
somi-1,WBGene00010868,BWM_head_row_2,0.147177209328226,0.882042889772722,0.46875,0.313978046566882,0.0057676545014467,0.0457514155634536,1.0
nhr-47,WBGene00003637,BWM_head_row_1,0.149341664712006,0.787966476952428,0.479674796747967,0.311339402704691,0.0166372445846637,0.0002438486920845,1.0
Y43F8B.2,WBGene00012813,BWM_anterior,0.217613204311329,2.61395058109997,0.700883002207506,0.310484351348132,0.0259185886359393,6.4421779187165e-12,3.29195291646413e-08
emb-9,WBGene00001263,BWM_head_row_2,0.196823097326486,1.72814578442926,0.635416666666667,0.309754382677749,0.0072946010701389,0.0246497931599824,1.0
upb-1,WBGene00017440,BWM_head_row_2,0.161010025819549,1.01216536201713,0.520833333333333,0.309139249573535,0.00300767685631,0.149215839199335,1.0
lsy-2,WBGene00003087,BWM_head_row_2,0.0998146633760519,0.533963695155279,0.322916666666667,0.309103473680677,0.0008459532394526,0.444389063941955,1.0
syd-9,WBGene00044068,BWM_head_row_2,0.275802920307172,3.60006315477043,0.895833333333333,0.307873027319634,0.0356296830566274,6.50439621974384e-07,0.0033237464682891
swsn-1,WBGene00004203,BWM_head_row_2,0.0609059261928418,0.394639530064242,0.197916666666667,0.30773520602699,0.0001630426714503,0.737065209063863,1.0
hlh-16,WBGene00001960,BWM_head_row_1,0.0472181679904169,0.227443629680714,0.154471544715447,0.305675508569541,0.0128284652048995,0.0012799371126466,1.0
unc-70,WBGene00006803,BWM_head_row_1,0.0818450913599687,0.488330493077565,0.268292682926829,0.305058976887156,0.0026020310788494,0.14728946958683,1.0
unc-60,WBGene00006794,BWM_head_row_2,0.218537655772363,1.72415010502146,0.71875,0.30405239063981,0.0120159981333289,0.0039181872886164,1.0
unc-98,WBGene00006827,BWM_posterior,0.201587091238007,1.02914603080616,0.663013698630137,0.304046645875507,0.100034146962386,5.27196626491283e-41,2.69397476137045e-37
zip-2,WBGene00019327,BWM_far_posterior,0.0878518903714212,0.293438933605515,0.289592760180996,0.303363558938814,0.0015915778757967,0.182365834135552,1.0
xbp-1,WBGene00006959,BWM_head_row_1,0.248972533153868,3.42974795218057,0.821138211382114,0.303204174038869,0.0321920997567208,3.2268031062745e-07,0.0016488963873062
T20F10.2,WBGene00011864,BWM_head_row_2,0.230075096954652,1.9039640439625,0.760416666666667,0.302564511063653,0.0192467764177104,0.0002594730347078,1.0
bkip-1,WBGene00014569,BWM_head_row_2,0.0723763442148946,0.402739224728204,0.239583333333333,0.302092567157821,0.0028286576199077,0.161900809932686,1.0
W02D7.6,WBGene00020942,BWM_head_row_1,0.146659423160917,0.795283924288399,0.48780487804878,0.30065181747988,0.0091512805101825,0.0065444156605874,1.0
ztf-18,WBGene00020763,BWM_far_posterior,0.103183591545114,0.320610646980928,0.343891402714932,0.300047022782502,0.0044030570879765,0.0265078224062277,1.0
mlp-1,WBGene00003375,BWM_posterior,0.140135165952527,0.628138505100312,0.467123287671233,0.299996103065527,0.0424076582199241,5.64577907419336e-18,2.88499310691281e-14
fat-3,WBGene00001395,BWM_head_row_1,0.0751930791609313,0.38056188267189,0.252032520325203,0.298346733444985,0.0023421759949694,0.169169127435451,1.0
sgcb-1,WBGene00019277,BWM_far_posterior,0.149646655867619,0.615570399001295,0.502262443438914,0.297945143664359,0.0130114745787548,0.0001346737167771,0.688182692731311
lect-2,WBGene00019407,BWM_anterior,0.121120590981521,0.49708956433887,0.409492273730684,0.295782359647597,0.0176799840131735,1.47046780850472e-08,7.51409050145909e-05
snu-23,WBGene00022794,BWM_head_row_1,0.0600763402680931,0.331852335143417,0.203252032520325,0.295575594119018,0.0022627154886151,0.17658448858167,1.0
dhhc-9,WBGene00016620,BWM_head_row_1,0.10809938574844,0.578619340152217,0.365853658536585,0.295471654379069,0.0029759467657797,0.121177527555642,1.0
tbp-1,WBGene00006542,BWM_head_row_2,0.0457467061336928,0.25722779757437,0.15625,0.292778919255634,0.0002585333133392,0.672454259465617,1.0
lit-1,WBGene00003048,BWM_head_row_2,0.143170707677372,1.16094606937481,0.489583333333333,0.292433785894207,0.00232719639786,0.204570063519145,1.0
unc-112,WBGene00006836,BWM_head_row_1,0.214771530654358,1.9309676170729,0.739837398373984,0.290295585389956,0.0298527175753691,8.67283826840235e-07,0.0044318203551536
miz-1,WBGene00011259,BWM_head_row_1,0.0566019717437166,0.307749607448625,0.195121951219512,0.290085105186547,0.0008937437908322,0.395770462202131,1.0
lir-1,WBGene00003044,BWM_head_row_1,0.0493400788508448,0.265054315982699,0.170731707317073,0.288991890412091,8.63896481313838e-05,0.791779315929693,1.0
zip-4,WBGene00021552,BWM_posterior,0.061409089854258,0.188187485094597,0.213698630136986,0.287363048676977,0.0034081761474808,0.0150052031316505,1.0
C16A3.4,WBGene00015809,BWM_head_row_2,0.106624874400177,0.583262590586282,0.375,0.284332998400471,0.0033508321574806,0.12790880826016,1.0
ceh-20,WBGene00000443,BWM_head_row_2,0.124085198758413,0.859074725127851,0.4375,0.2836233114478,0.0007258713571045,0.47867276006373,1.0
pkn-1,WBGene00009793,BWM_far_posterior,0.0780728199933118,0.266743539150223,0.276018099547511,0.282853987188884,0.0027547161171578,0.0793287419734335,1.0
unc-97,WBGene00006826,BWM_far_posterior,0.193934348703219,0.932348724229543,0.687782805429864,0.281970335943497,0.0159627030249765,2.33659155724096e-05,0.119399828575013
smu-2,WBGene00004896,BWM_far_posterior,0.175594246832896,0.890838666398078,0.624434389140271,0.281205279348334,0.0098090443715385,0.0009210469244062,1.0
F57A8.1,WBGene00010177,BWM_head_row_1,0.0799986120159869,0.426249134555225,0.284552845528455,0.281137979370468,0.0019778230363454,0.206451280075953,1.0
pat-6,WBGene00003932,BWM_far_posterior,0.12954015770802,0.581612430947934,0.461538461538462,0.28067034170071,0.0051781437105345,0.0161162611396657,1.0
Y17G7B.20,WBGene00012471,BWM_head_row_2,0.0787044739559196,0.428657732959309,0.28125,0.279838129621047,0.000890845883601,0.432549781885165,1.0
duxl-1,WBGene00022554,BWM_head_row_1,0.111434632404979,0.711903102412031,0.398373983739837,0.279723669098214,0.0001379791016192,0.7386484832073,1.0
act-1,WBGene00000063,BWM_far_posterior,0.212136774225977,1.2595259022281,0.760180995475113,0.279060875618696,0.0194658989558506,2.96749675183475e-06,0.0151639084018756
dcp-66,WBGene00000938,BWM_anterior,0.0970189855339829,0.293929613288766,0.347682119205298,0.279045082202503,0.0150434318434681,1.76060114336739e-07,0.0008996671842607
flh-1,WBGene00012435,BWM_head_row_2,0.0866813013913634,0.611531755589588,0.3125,0.277380164452363,0.0001059961305881,0.786616778515836,1.0
let-607,WBGene00002783,BWM_anterior,0.0892493547074622,0.279302846994107,0.32560706401766,0.274101408016816,0.0083770068295362,9.91141553774639e-05,0.506473333978841
rbr-2,WBGene00004319,BWM_head_row_1,0.0421894865033561,0.213338307102013,0.154471544715447,0.27312141262699,0.0003697077518385,0.584961302726438,1.0
F37B4.10,WBGene00018140,BWM_head_row_1,0.0752363014978467,0.425257498048377,0.276422764227642,0.272178384830446,0.0004075872615398,0.566339579665353,1.0
F13C5.2,WBGene00017423,BWM_head_row_2,0.121258942210438,0.854282578990426,0.447916666666667,0.270717638423304,0.0010024643426499,0.405093031129588,1.0
cey-1,WBGene00000472,BWM_head_row_2,0.2558824995032,3.65761062598536,0.947916666666667,0.269941977497882,0.019563231672682,0.0002307651640248,1.0
zfp-2,WBGene00009448,BWM_head_row_1,0.0591683253709945,0.328915821553687,0.219512195121951,0.269544593356753,9.91420090286333e-06,0.928737356131285,1.0
attf-4,WBGene00015477,BWM_head_row_2,0.0749956868167668,0.448275728990383,0.28125,0.26665133090406,0.0014260125538872,0.32070292929352,1.0
mlc-3,WBGene00003371,BWM_posterior,0.176703019360629,1.44631021049698,0.663013698630137,0.266514884572849,0.0994853717869311,8.81828910082478e-41,4.50614573052146e-37
ttll-4,WBGene00014232,BWM_head_row_2,0.0469158221908419,0.218803347680699,0.177083333333333,0.264936407665931,0.0003082944450571,0.644309577087929,1.0
sex-1,WBGene00004786,BWM_anterior,0.155367418135945,0.836400769571314,0.588300220750552,0.264095461221699,0.0001586433655916,0.592722447252257,1.0
ldb-1,WBGene00002261,BWM_head_row_2,0.0575275780853688,0.385833729256446,0.21875,0.262983214104543,0.0018490582594563,0.258143375402181,1.0
F44E2.7,WBGene00018420,BWM_head_row_2,0.0492863965771477,0.294163118682213,0.1875,0.262860781744788,6.96774285787632e-05,0.826274711109906,1.0
dnj-11,WBGene00001029,BWM_head_row_2,0.0492612190742042,0.28123021823819,0.1875,0.262726501729089,0.0001968565695231,0.71218786289194,1.0
T01G9.2,WBGene00011344,BWM_head_row_2,0.0410309649084608,0.238912478069282,0.15625,0.262598175414149,1.32102519963835e-05,0.923864746674065,1.0
cdc-14,WBGene00000383,BWM_anterior,0.110442818412155,0.404188842361008,0.422737306843267,0.261256379847031,0.004323035151423,0.0052001651212719,1.0
hip-1,WBGene00011735,BWM_far_posterior,0.0742647081116967,0.281984814479704,0.285067873303167,0.260515880836269,0.0020017305032765,0.134768214617818,1.0
har-1,WBGene00007630,BWM_head_row_1,0.0610133637695738,0.305214327126172,0.235772357723577,0.258780818746813,0.0005968722625655,0.487708533975328,1.0
ztf-7,WBGene00009772,BWM_head_row_1,0.0862397350691043,0.560294172613735,0.333333333333333,0.258719205207313,6.58682656957646e-05,0.817686431079903,1.0
pat-4,WBGene00003931,BWM_head_row_2,0.0672985818603936,0.401670324379391,0.260416666666667,0.258426554343911,0.0004407910687,0.580912486190791,1.0
B0238.11,WBGene00015075,BWM_anterior,0.114645949614253,0.429493448190233,0.443708609271523,0.258381170026152,0.0116678899258339,4.28687710412919e-06,0.0219059420021002
pfd-2,WBGene00019220,BWM_head_row_2,0.126487817329179,0.823116144572342,0.489583333333333,0.258358094970238,0.0010977823880827,0.383618519658697,1.0
ces-2,WBGene00000469,BWM_posterior,0.239885397252744,3.23151348822655,0.928767123287671,0.258283687307527,0.046064482935469,2.05602950966391e-19,1.0506310794382601e-15
lir-2,WBGene00003045,BWM_head_row_1,0.04409064698698,0.230499211399332,0.170731707317073,0.258245218066597,1.35462509015228e-05,0.91674104934738,1.0
cey-4,WBGene00000475,BWM_head_row_2,0.128887392294596,1.00643964013377,0.5,0.257774784589193,4.86073658422885e-05,0.854549220391529,1.0
ech-6,WBGene00001155,BWM_head_row_1,0.050270028581951,0.260565706623255,0.195121951219512,0.257633896482499,0.000310650389527,0.616630400092574,1.0
lin-28,WBGene00003014,BWM_posterior,0.133353496117924,0.594433245887514,0.520547945205479,0.25617908464759,0.0266160581961663,8.787702663973069e-12,4.49051606129024e-08
ccar-1,WBGene00003085,BWM_anterior,0.157734546661735,0.817271526147432,0.618101545253863,0.255191962992022,0.0127348987494615,1.55911874512343e-06,0.0079670967875807
mdt-29,WBGene00007025,BWM_head_row_2,0.0690871220087933,0.411040922534412,0.270833333333333,0.255090912032467,4.88275079478924e-05,0.854223899198731,1.0
efl-3,WBGene00009899,BWM_head_row_1,0.0538564044890831,0.335991679654717,0.211382113821138,0.254782221236816,0.0010305619497228,0.361823845391332,1.0
lin-36,WBGene00003021,BWM_anterior,0.0705287025695661,0.226999745258248,0.277041942604857,0.254577707282976,0.0035237836565961,0.0116526551938485,1.0
mom-4,WBGene00003396,BWM_head_row_1,0.0782205654936751,0.456831170746289,0.308943089430894,0.253187619887422,0.0002224234197009,0.671847950032428,1.0
Y111B2A.10,WBGene00013734,BWM_head_row_1,0.0492388990741528,0.278774644157032,0.195121951219512,0.252349357755033,0.0001801048367737,0.70306299784713,1.0
F22B5.10,WBGene00009045,BWM_head_row_1,0.116914267961024,0.931364511438627,0.463414634146341,0.25228868349484,0.0008454398532365,0.408844390423508,1.0
let-60,WBGene00002335,BWM_far_posterior,0.0958087198535218,0.361166566112969,0.380090497737557,0.252068179614623,0.0048989945278682,0.0192610687390392,1.0
tln-1,WBGene00006771,BWM_head_row_2,0.0968106952052315,0.682258297060585,0.385416666666667,0.251184506478438,0.0007507652812587,0.471225964150967,1.0
F22D6.2,WBGene00009050,BWM_head_row_1,0.0611798051129764,0.342475445436702,0.24390243902439,0.250837200963203,1.53291684636224e-05,0.911452401973141,1.0
nurf-1,WBGene00009180,BWM_posterior,0.232268615421348,4.04272501989241,0.926027397260274,0.250822617244947,0.0153576952756655,2.29106135083987e-07,0.0011707323502791
hmg-4,WBGene00001974,BWM_far_posterior,0.0915766962558001,0.363240854584745,0.366515837104072,0.249857405833726,0.0044401244893577,0.0258792562596943,1.0
pat-3,WBGene00003930,BWM_head_row_2,0.158706660984192,1.4559092659365,0.635416666666667,0.249767859909548,0.0004560856784613,0.574423427978931,1.0
lin-40,WBGene00003025,BWM_head_row_1,0.115533768355753,0.751692742796674,0.463414634146341,0.249309710662414,0.0010556023426798,0.35605452079952,1.0
smu-1,WBGene00004895,BWM_head_row_1,0.105210218768328,0.756349816237457,0.422764227642276,0.248862632855854,0.0021709363604578,0.185620486321619,1.0
pat-2,WBGene00003929,BWM_posterior,0.181035358107113,1.14890885398051,0.73013698630137,0.247947113354958,0.0110661409598991,1.14044577285965e-05,0.0582767789931279
act-4,WBGene00000066,BWM_head_row_2,0.247615874093177,18.7348117358699,1.0,0.247615874093177,0.0139590673122142,0.0018734135759169,1.0
Y66H1A.4,WBGene00022046,BWM_far_posterior,0.130781486979737,0.647008807062087,0.529411764705882,0.247031697628392,0.0024810619121767,0.095890304124797,1.0
ztf-3,WBGene00016905,BWM_head_row_1,0.0802732099809688,0.435771122917156,0.32520325203252,0.246840120691479,0.000459417726665,0.542641356806011,1.0
gop-3,WBGene00001662,BWM_far_posterior,0.0758458642345297,0.314361667318873,0.307692307692308,0.246499058762221,0.00019351144728,0.641998481625592,1.0
rbm-22,WBGene00011722,BWM_head_row_1,0.0640597714136997,0.348376714625777,0.260162601626016,0.246229746371408,2.08477349204663e-05,0.896812880626389,1.0
plp-1,WBGene00004046,BWM_head_row_2,0.130755594984339,1.15710321820342,0.53125,0.246128178794051,0.0005696832379471,0.53026451072368,1.0
pat-9,WBGene00003933,BWM_posterior,0.210004315909716,1.80803907631131,0.853424657534247,0.246072472895815,0.0134595817827457,1.28465338699848e-06,0.0065645788075622
unc-94,WBGene00006823,BWM_head_row_2,0.117785451918635,0.776575218189843,0.479166666666667,0.245813117047587,0.0004972563108301,0.557641414076395,1.0
myrf-2,WBGene00008999,BWM_head_row_1,0.109665227358497,0.71173918322266,0.447154471544715,0.245251326638094,4.61368031325568e-06,0.951351896217242,1.0
eor-1,WBGene00001324,BWM_far_posterior,0.0983139237697333,0.37323782313704,0.402714932126697,0.244127833181023,0.0031261800777766,0.0615903344296137,1.0
Y56A3A.18,WBGene00013236,BWM_head_row_2,0.141943800926458,1.17930496656712,0.583333333333333,0.243332230159643,0.0005639865346551,0.532328018606788,1.0
uaf-2,WBGene00006698,BWM_head_row_1,0.0730431030668372,0.449869584362062,0.300813008130081,0.242818964249216,0.0002234489209871,0.671136581101161,1.0
smo-1,WBGene00004888,BWM_posterior,0.145444954871429,0.829549971145895,0.6,0.242408258119049,0.0131714405675876,1.66981898298598e-06,0.0085327750030583
hmg-11,WBGene00001976,BWM_head_row_2,0.123128844361733,1.05178468521234,0.510416666666667,0.241232021606661,0.0004620911800588,0.57191454141806,1.0
hmg-1.1,WBGene00001971,BWM_far_posterior,0.233533773905058,7.49345787171468,0.968325791855204,0.241172729126252,0.002657768740637,0.0848119125569734,1.0
hmg-5,WBGene00001975,BWM_posterior,0.106565865735687,0.456204763205592,0.442465753424658,0.24084545506827,0.005072997266553,0.0029945335886087,1.0
pbrm-1,WBGene00007042,BWM_posterior,0.117755654493712,0.541047032066212,0.493150684931507,0.238782299390026,0.0003010718841705,0.46997942029672,1.0
attf-2,WBGene00017317,BWM_far_posterior,0.179826504294084,1.1889397638287,0.760180995475113,0.236557484815432,0.0065428802153716,0.006825040354921,1.0
die-1,WBGene00000995,BWM_far_posterior,0.0877499080936015,0.35109533705626,0.3710407239819,0.23649670352056,0.0001927598112476,0.642645885468376,1.0
lpd-2,WBGene00003059,BWM_head_row_2,0.0491323018687881,0.326268756674871,0.208333333333333,0.235835048970183,0.0030488588587289,0.146459433731429,1.0
repo-1,WBGene00008683,BWM_anterior,0.133294206865067,0.619461802163165,0.573951434878587,0.232239521961059,0.0080053668365853,0.0001417118564291,0.72414758635272
hel-1,WBGene00001840,BWM_anterior,0.15478702459408,0.909605663123514,0.666666666666667,0.23218053689112,0.0073621278451152,0.0002636169594911,1.0
rho-1,WBGene00004357,BWM_head_row_2,0.0409822651528354,0.246130588082392,0.177083333333333,0.231429262039541,0.0004559934526737,0.574462125720952,1.0
C47B2.2,WBGene00008131,BWM_anterior,0.0691619262665988,0.246655549866208,0.300220750551876,0.230370239696833,0.0012023509609236,0.140793636396828,1.0
cdc-5L,WBGene00008386,BWM_anterior,0.0709026724101754,0.241886752486751,0.310154525386313,0.228604345920352,0.0033009434900661,0.0146332707656112,1.0
hmg-1.2,WBGene00001972,BWM_head_row_1,0.211190600998479,4.56660902065966,0.926829268292683,0.227863543182569,9.99639795243537e-06,0.928443341872737,1.0
nfyc-1,WBGene00017742,BWM_head_row_2,0.0732676605902154,0.465547046040064,0.322916666666667,0.226893400537441,0.0020654323287547,0.232032270156224,1.0
atg-4.1,WBGene00013595,BWM_head_row_1,0.0716072520229051,0.51962115897913,0.317073170731707,0.225838256379932,0.0056775626476939,0.0322591332075532,1.0
