,BWM_neck,BWM_middle_and_posterior,BWM_anterior,BWM_head,BWM_far_posterior,BWM_posterior
aha-1,73.97517,49.582916,47.410954,132.44263,37.33966,42.52838
ahr-1,0.0,0.8263819,0.0,9.460188,0.0,0.0
atf-2,25.939344,12.189134,22.717749,0.0,0.0,2.025161
atf-6,23.057194,27.89039,29.631847,9.460188,37.33966,31.389996
cdc-14,332.4079,514.83594,455.3427,321.6464,312.71967,407.05734
ceh-1,0.9607164,1.6527638,1.9754565,0.0,0.0,1.0125805
ceh-2,1.9214329,2.4791458,0.98772824,0.0,0.0,0.0
ceh-5,2.8821492,1.6527638,1.9754565,0.0,0.0,0.0
ceh-6,0.0,2.6857412,0.98772824,0.0,0.0,0.0
ceh-8,0.9607164,0.8263819,0.98772824,0.0,0.0,12.150966
ceh-9,0.0,0.20659548,2.9631846,0.0,0.0,1.0125805
ceh-10,0.0,0.0,0.0,0.0,0.0,0.0
ceh-12,0.0,0.0,0.0,0.0,0.0,0.0
ceh-13,31.703642,35.12123,55.312782,0.0,0.0,5.0629025
ceh-14,0.0,0.41319096,2.9631846,0.0,0.0,0.0
ceh-16,1.9214329,0.61978644,0.0,0.0,0.0,0.0
ceh-17,0.9607164,0.0,0.0,0.0,0.0,0.0
ceh-18,153.71463,148.95534,154.0856,264.88525,275.38,171.1261
ceh-19,0.0,0.20659548,0.0,0.0,0.0,0.0
ceh-20,136.42174,109.495605,117.53966,66.22131,135.35628,97.207726
ceh-21,31.703642,20.246357,29.631847,0.0,56.00949,36.452896
ceh-22,0.0,0.20659548,2.9631846,0.0,0.0,1.0125805
ceh-23,0.0,0.0,0.0,0.0,0.0,0.0
ceh-24,0.0,0.0,0.0,0.0,0.0,0.0
pros-1,0.0,0.8263819,0.98772824,0.0,0.0,0.0
ceh-27,0.0,0.0,0.0,0.0,0.0,1.0125805
ceh-28,0.0,0.0,0.0,0.0,0.0,0.0
ceh-30,0.0,0.0,0.0,0.0,0.0,1.0125805
ceh-31,0.0,0.0,0.98772824,0.0,4.6674576,1.0125805
ceh-32,0.9607164,1.2395729,1.9754565,0.0,0.0,1.0125805
ceh-33,60.525135,0.41319096,0.0,85.14169,0.0,0.0
ceh-34,274.7649,0.61978644,15.803652,85.14169,0.0,0.0
ceh-36,0.9607164,0.0,0.0,0.0,0.0,1.0125805
ceh-37,1.9214329,1.0329775,0.0,0.0,4.6674576,2.025161
ceh-38,75.8966,86.35691,91.85873,47.300938,93.34915,99.23289
ceh-39,34.585793,22.105717,22.717749,37.84075,23.337288,33.415157
ceh-40,0.0,0.41319096,0.98772824,0.0,0.0,0.0
ceh-41,73.01445,40.492714,42.472313,37.84075,42.00712,57.717087
ceh-44,188.30042,157.83894,189.64381,160.8232,107.351524,146.82417
cep-1,0.0,2.065955,1.9754565,0.0,0.0,2.025161
ces-1,0.0,0.0,0.0,0.0,0.0,0.0
ces-2,1.9214329,0.20659548,0.0,0.0,0.0,0.0
cey-1,4355.888,4639.928,4978.1504,3462.4287,4480.7593,4263.9766
cey-2,0.9607164,1.6527638,0.98772824,9.460188,4.6674576,0.0
cey-3,0.9607164,1.2395729,2.9631846,0.0,0.0,0.0
cey-4,1157.6633,1287.7096,1245.5253,1154.143,1470.2491,1160.4172
cfi-1,295.90067,10.949561,158.03651,368.94733,23.337288,7.0880632
che-1,0.9607164,0.61978644,0.98772824,0.0,4.6674576,0.0
cky-1,0.0,0.0,0.98772824,0.0,0.0,2.025161
cnd-1,0.0,0.20659548,0.0,0.0,0.0,1.0125805
crh-1,215.20049,166.72255,177.79108,548.69086,135.35628,124.5474
dac-1,0.9607164,0.41319096,0.0,0.0,0.0,0.0
daf-3,138.34317,120.85836,133.3433,170.28339,140.02373,186.3148
daf-5,560.09766,290.26666,325.95032,993.3197,322.05457,275.42188
daf-8,8.646448,13.015515,12.840467,47.300938,14.002373,11.138385
daf-12,438.0867,417.73608,379.28763,368.94733,350.05933,403.00702
daf-16,323.76144,385.094,359.53308,274.34543,261.37762,303.77414
daf-19,122.9717,113.00773,132.35559,66.22131,65.344406,159.98772
dcp-66,455.37958,379.10272,418.79678,350.02695,350.05933,412.12024
die-1,93.18949,116.51985,103.711464,18.920376,9.334915,70.88063
dnj-11,211.35762,222.91653,215.32475,113.522255,219.37051,240.99416
dpl-1,17.292896,15.0814705,10.86501,0.0,32.672203,16.201288
dpr-1,0.0,0.0,0.0,0.0,0.0,0.0
dpy-20,0.0,0.8263819,2.9631846,0.0,4.6674576,0.0
dro-1,1.9214329,4.3385053,2.9631846,0.0,0.0,1.0125805
dsc-1,16.33218,2.4791458,4.938641,9.460188,0.0,0.0
ech-6,412.14734,301.42282,295.33075,444.6288,186.6983,149.86191
efl-1,9.607164,10.536369,4.938641,0.0,18.66983,13.163547
efl-2,33.625076,51.23568,50.37414,37.84075,79.34678,43.540962
egl-5,5.7642984,15.907852,0.98772824,0.0,186.6983,76.956116
egl-13,110.48239,82.431595,99.76055,56.761127,98.01661,70.88063
egl-18,3.8428657,2.6857412,3.950913,9.460188,0.0,8.100644
egl-38,0.0,0.41319096,0.0,0.0,0.0,1.0125805
egl-43,2.8821492,0.8263819,0.0,0.0,0.0,0.0
egl-44,143.14674,183.86998,163.96289,245.96487,210.0356,186.3148
egl-46,2.8821492,2.4791458,0.98772824,0.0,0.0,0.0
ehn-3,0.0,0.41319096,0.0,0.0,0.0,0.0
elt-1,0.9607164,1.2395729,2.9631846,0.0,0.0,39.49064
elt-2,0.9607164,1.2395729,3.950913,9.460188,0.0,1.0125805
elt-3,0.9607164,1.0329775,0.0,0.0,0.0,1.0125805
elt-4,0.0,0.0,0.0,0.0,0.0,0.0
elt-6,0.9607164,1.2395729,1.9754565,0.0,0.0,8.100644
end-1,0.9607164,0.41319096,0.0,0.0,0.0,2.025161
end-3,0.0,0.20659548,0.0,0.0,0.0,0.0
eor-1,48.035824,57.226948,70.12871,28.380564,46.674576,90.11966
fos-1,215.20049,178.91168,169.88925,331.10657,172.69594,184.28964
eya-1,3.8428657,1.8593594,1.9754565,198.66394,0.0,2.025161
fax-1,0.0,0.20659548,0.0,0.0,0.0,0.0
fkh-2,96.07165,1.0329775,3.950913,0.0,0.0,0.0
fkh-3,0.0,0.0,0.98772824,0.0,0.0,1.0125805
fkh-4,0.0,0.41319096,0.0,0.0,0.0,0.0
fkh-5,0.0,0.41319096,1.9754565,0.0,0.0,0.0
fkh-6,0.0,1.0329775,0.0,0.0,0.0,1.0125805
fkh-7,234.41481,506.5721,367.4349,293.2658,112.01898,221.75513
fkh-8,0.0,0.20659548,0.0,0.0,0.0,0.0
fkh-9,75.8966,73.96118,67.16552,85.14169,214.70305,84.04418
fkh-10,0.0,0.20659548,0.0,0.0,0.0,1.0125805
gei-3,743.59454,420.835,538.3119,1097.3817,844.8098,573.12054
snpc-4,31.703642,29.33656,33.58276,9.460188,28.004745,52.654186
gei-17,206.55403,159.49171,180.75427,236.5047,191.36577,188.33997
gop-3,250.747,203.90974,192.60701,340.56677,135.35628,165.05061
grh-1,0.9607164,1.4461684,1.9754565,0.0,0.0,2.025161
grl-25,0.0,0.20659548,0.98772824,0.0,0.0,0.0
ham-1,0.9607164,0.61978644,0.0,0.0,0.0,0.0
ham-2,0.0,2.2725503,0.98772824,0.0,0.0,2.025161
hbl-1,82.62161,128.70898,105.68692,18.920376,135.35628,173.15126
hel-1,484.20108,569.79034,600.53876,245.96487,728.1234,612.6112
hif-1,427.51883,303.69537,348.66806,387.8677,233.37288,231.88094
him-8,3.8428657,3.9253142,9.877282,0.0,0.0,3.0377414
hlh-1,82.62161,76.02714,78.03053,160.8232,182.03085,98.22031
hlh-2,0.9607164,1.2395729,0.0,0.0,0.0,1.0125805
hlh-3,0.0,0.41319096,0.0,0.0,0.0,0.0
hlh-4,57.642986,28.096987,34.570488,9.460188,14.002373,26.327093
hlh-6,2.8821492,0.20659548,1.9754565,9.460188,0.0,0.0
hlh-8,0.0,0.41319096,0.98772824,0.0,9.334915,0.0
hlh-10,0.0,0.0,0.0,0.0,0.0,0.0
hlh-11,443.85098,467.1124,427.68634,614.9122,550.76,450.5983
hlh-12,0.0,0.41319096,0.98772824,28.380564,0.0,0.0
hlh-13,0.0,0.41319096,1.9754565,0.0,0.0,0.0
hlh-14,0.0,0.0,0.0,0.0,0.0,0.0
hlh-15,0.0,0.0,0.0,0.0,0.0,0.0
hlh-16,0.0,0.20659548,0.98772824,0.0,0.0,0.0
hlh-17,0.0,0.0,0.0,0.0,0.0,1.0125805
hlh-19,0.0,0.0,0.0,0.0,0.0,0.0
hlh-25,0.0,0.20659548,0.0,0.0,0.0,0.0
hlh-26,0.9607164,0.0,0.0,0.0,0.0,0.0
hlh-29,0.0,0.0,0.0,0.0,0.0,0.0
hmg-1.1,302.62567,346.8738,321.0117,151.363,298.7173,318.96286
hmg-1.2,64.368004,67.76332,65.19006,85.14169,51.342033,61.76741
hmg-3,0.9607164,1.8593594,5.926369,0.0,0.0,6.075483
hmg-4,87.42519,139.45195,118.52739,75.6815,102.68407,117.459335
hmg-5,11.528597,16.321043,17.779108,0.0,18.66983,25.314512
hmg-11,18.253613,19.833166,24.693207,0.0,23.337288,27.339672
hmg-12,25.939344,27.064009,24.693207,18.920376,4.6674576,21.26419
hnd-1,0.0,0.0,0.0,0.0,0.0,0.0
hsf-1,74.93588,94.20754,94.82191,47.300938,74.67932,117.459335
isw-1,98.9538,99.579025,80.99371,94.601875,102.68407,107.33353
lag-1,33.625076,30.576132,37.533672,9.460188,18.66983,60.75483
ldb-1,130.65744,170.64787,160.01198,160.8232,205.36813,178.21416
let-381,0.9607164,2.4791458,2.9631846,0.0,4.6674576,4.050322
let-607,276.68634,340.05615,424.72314,189.20375,597.4346,425.2838
lim-4,0.0,0.61978644,0.98772824,0.0,0.0,1.0125805
lim-6,0.0,0.61978644,0.0,0.0,0.0,2.025161
lin-1,524.55115,286.13474,317.06076,1371.7272,312.71967,283.52252
lin-22,0.0,0.20659548,0.0,0.0,0.0,0.0
lin-26,17.292896,13.428706,7.901826,18.920376,42.00712,25.314512
lin-28,62.446568,83.46458,75.067345,37.84075,126.021355,85.05676
lin-29,56.68227,113.214325,66.177795,132.44263,74.67932,104.29579
lin-31,1.9214329,0.8263819,2.9631846,9.460188,4.6674576,1.0125805
lin-32,0.0,0.0,0.0,0.0,0.0,0.0
lin-36,72.053734,66.936935,83.9569,37.84075,79.34678,82.01902
lin-39,10.567881,210.93399,1.9754565,0.0,23.337288,70.88063
lin-40,177.73254,180.15126,205.44748,104.062065,196.03322,237.9564
lin-48,0.9607164,0.8263819,2.9631846,0.0,0.0,0.0
lin-54,5.7642984,12.189134,8.889554,18.920376,4.6674576,12.150966
lir-1,14.410747,19.833166,32.59503,9.460188,14.002373,16.201288
lir-2,21.135761,14.461684,36.545944,18.920376,32.672203,14.1761265
lir-3,3.8428657,4.5451007,9.877282,18.920376,0.0,2.025161
lpd-2,24.978628,28.096987,18.766836,18.920376,4.6674576,41.5158
ccar-1,219.04335,250.39372,223.22658,208.12413,191.36577,250.10738
lsy-2,15.371463,24.998055,20.742292,28.380564,28.004745,16.201288
mab-3,0.0,1.2395729,1.9754565,9.460188,0.0,4.050322
mab-5,1.9214329,65.28417,4.938641,0.0,23.337288,210.61674
mab-9,0.9607164,0.20659548,0.98772824,0.0,0.0,0.0
mab-23,0.0,5.3714824,0.98772824,0.0,0.0,5.0629025
mbf-1,140.2646,166.92915,199.5211,141.90282,238.04034,142.77385
mdl-1,601.4085,622.8854,606.46515,832.4965,392.06644,461.7367
mec-3,0.0,0.20659548,0.0,0.0,0.0,1.0125805
med-1,0.0,0.20659548,0.0,0.0,0.0,0.0
med-2,0.0,0.0,0.98772824,0.0,0.0,0.0
mef-2,195.98616,178.91168,140.25742,217.58432,191.36577,154.92482
mex-5,0.9607164,0.61978644,0.0,0.0,0.0,0.0
mex-6,0.9607164,0.0,0.0,0.0,0.0,0.0
mgl-2,8.646448,4.13191,3.950913,75.6815,0.0,2.025161
mig-5,65.32872,72.515015,85.93236,18.920376,9.334915,79.99386
mls-1,0.0,0.20659548,0.0,0.0,0.0,0.0
mls-2,0.0,0.20659548,0.0,0.0,0.0,0.0
mml-1,365.07224,341.08914,348.66806,416.24826,163.36102,282.50995
mnm-2,0.0,0.61978644,0.0,0.0,0.0,0.0
moe-3,6.725015,26.444221,6.914098,0.0,23.337288,12.150966
klf-3,1.9214329,0.0,0.98772824,0.0,0.0,1.0125805
mxl-1,12.489314,10.536369,15.803652,0.0,9.334915,12.150966
mxl-2,23.057194,25.411245,25.680935,37.84075,37.33966,22.27677
mxl-3,737.8302,906.3344,766.4771,908.17804,709.45355,616.6615
nfi-1,73.01445,116.10666,85.93236,18.920376,79.34678,116.446754
ngn-1,0.0,0.20659548,0.0,0.0,0.0,0.0
nhr-1,191.18257,179.94467,177.79108,264.88525,256.71017,148.84933
nhr-2,2.8821492,1.6527638,0.0,0.0,0.0,1.0125805
nhr-3,18.253613,17.354021,32.59503,9.460188,4.6674576,11.138385
nhr-4,32.66436,24.998055,16.79138,37.84075,4.6674576,16.201288
nhr-5,0.0,1.2395729,0.0,0.0,0.0,0.0
nhr-7,0.9607164,1.4461684,1.9754565,0.0,0.0,0.0
nhr-8,0.0,0.61978644,0.98772824,0.0,4.6674576,1.0125805
nhr-9,0.0,0.0,0.98772824,0.0,0.0,0.0
nhr-10,46.114388,51.23568,49.386414,85.14169,37.33966,36.452896
nhr-11,8.646448,15.907852,8.889554,18.920376,4.6674576,2.025161
nhr-12,50.917973,57.226948,62.22688,66.22131,56.00949,66.830315
nhr-13,9.607164,9.503392,5.926369,0.0,23.337288,3.0377414
nhr-15,20.175045,4.5451007,15.803652,28.380564,4.6674576,2.025161
nhr-16,0.0,0.0,0.0,0.0,0.0,0.0
nhr-17,124.893135,87.59649,97.785095,94.601875,135.35628,82.01902
nhr-18,15.371463,0.61978644,3.950913,0.0,4.6674576,1.0125805
nhr-19,270.92203,448.7254,401.01767,104.062065,275.38,247.06964
nhr-20,26.90006,26.03103,26.668663,66.22131,37.33966,27.339672
nhr-21,32.66436,77.26671,35.558216,28.380564,37.33966,44.55354
nhr-22,14.410747,16.114449,10.86501,0.0,0.0,11.138385
nhr-23,0.0,0.41319096,1.9754565,0.0,0.0,2.025161
nhr-25,0.0,1.6527638,0.98772824,0.0,4.6674576,0.0
nhr-28,16.33218,14.874875,23.705477,75.6815,0.0,15.188707
nhr-31,18.253613,74.78757,22.717749,0.0,32.672203,34.427734
nhr-32,33.625076,43.798244,32.59503,9.460188,46.674576,49.616444
nhr-34,78.77875,131.80792,147.17151,104.062065,46.674576,101.25805
nhr-35,57.642986,54.747803,39.50913,56.761127,28.004745,51.641605
nhr-38,0.0,0.0,0.0,0.0,0.0,0.0
nhr-40,219.04335,217.33846,213.3493,378.4075,107.351524,191.37772
nhr-42,28.821493,19.626572,21.73002,47.300938,37.33966,11.138385
nhr-43,0.9607164,0.41319096,0.0,0.0,0.0,0.0
nhr-44,1.9214329,0.20659548,0.0,0.0,0.0,0.0
nhr-46,80.70018,56.400566,48.398685,9.460188,18.66983,54.679344
nhr-47,9.607164,19.626572,20.742292,9.460188,9.334915,22.27677
nhr-48,122.9717,90.28223,97.785095,151.363,70.01186,93.1574
nhr-49,123.93242,91.3152,96.79737,94.601875,93.34915,94.16998
nhr-50,0.9607164,2.065955,0.0,0.0,0.0,3.0377414
nhr-51,0.9607164,0.0,0.0,0.0,0.0,0.0
nhr-52,0.9607164,0.61978644,0.98772824,0.0,0.0,0.0
nhr-53,0.0,0.20659548,0.0,0.0,0.0,1.0125805
nhr-54,0.0,0.41319096,0.0,0.0,0.0,0.0
nhr-55,0.0,0.0,0.0,0.0,0.0,0.0
nhr-56,6.725015,1.6527638,3.950913,9.460188,0.0,0.0
nhr-58,16.33218,14.461684,10.86501,0.0,4.6674576,8.100644
nhr-59,0.0,1.4461684,2.9631846,0.0,0.0,1.0125805
nhr-60,0.9607164,0.61978644,2.9631846,0.0,0.0,1.0125805
nhr-61,21.135761,19.419975,13.828196,132.44263,18.66983,20.25161
nhr-62,7.6857314,5.991269,5.926369,0.0,0.0,2.025161
nhr-63,0.9607164,0.41319096,0.0,0.0,0.0,0.0
nhr-64,17.292896,9.296797,13.828196,18.920376,0.0,10.125805
nhr-65,12.489314,7.4374375,4.938641,9.460188,4.6674576,9.113224
nhr-66,43.23224,26.237627,39.50913,56.761127,28.004745,25.314512
nhr-67,0.0,0.41319096,0.98772824,9.460188,0.0,0.0
nhr-68,16.33218,26.03103,17.779108,85.14169,4.6674576,7.0880632
nhr-69,24.017912,11.982538,36.545944,18.920376,56.00949,9.113224
nhr-70,11.528597,14.048493,15.803652,28.380564,46.674576,21.26419
nhr-71,63.407284,38.83995,49.386414,47.300938,42.00712,48.603863
nhr-72,0.9607164,0.0,0.0,0.0,0.0,0.0
nhr-73,0.0,0.0,0.0,0.0,0.0,0.0
nhr-74,0.0,0.20659548,0.0,0.0,4.6674576,1.0125805
nhr-77,0.0,0.0,0.0,0.0,0.0,0.0
nhr-78,11.528597,4.751696,1.9754565,9.460188,23.337288,1.0125805
nhr-79,0.0,0.61978644,0.0,0.0,0.0,0.0
nhr-80,0.9607164,0.41319096,0.98772824,0.0,0.0,0.0
nhr-81,0.0,0.0,0.0,0.0,0.0,0.0
nhr-82,0.0,0.0,0.0,0.0,0.0,0.0
nhr-84,18.253613,16.114449,9.877282,0.0,9.334915,13.163547
nhr-85,1.9214329,1.0329775,0.98772824,0.0,14.002373,2.025161
nhr-86,13.45003,7.644033,17.779108,9.460188,9.334915,9.113224
nhr-87,13.45003,20.039762,22.717749,0.0,32.672203,25.314512
nhr-88,195.02544,192.3404,185.6929,236.5047,308.05222,157.96255
nhr-90,0.0,0.0,0.0,0.0,0.0,0.0
nhr-91,1.9214329,1.0329775,0.0,0.0,0.0,1.0125805
nhr-93,0.9607164,0.20659548,0.0,0.0,0.0,0.0
nhr-94,0.0,0.41319096,0.0,0.0,0.0,0.0
nhr-95,58.603703,26.444221,34.570488,9.460188,18.66983,35.440315
nhr-96,4.803582,4.9582915,2.9631846,0.0,0.0,3.0377414
nhr-97,43.23224,39.046547,35.558216,85.14169,4.6674576,19.239029
nhr-98,0.0,0.20659548,0.0,0.0,0.0,0.0
nhr-99,0.0,0.0,0.98772824,0.0,0.0,1.0125805
nhr-100,49.957256,53.508232,70.12871,66.22131,37.33966,71.89321
nhr-102,2.8821492,5.164887,5.926369,9.460188,0.0,5.0629025
nhr-103,4.803582,0.41319096,4.938641,0.0,0.0,1.0125805
nhr-104,10.567881,9.916583,8.889554,9.460188,0.0,13.163547
nhr-105,132.57887,106.396675,78.03053,236.5047,42.00712,79.99386
nhr-106,0.0,0.0,0.0,0.0,0.0,0.0
nhr-107,3.8428657,7.4374375,2.9631846,94.601875,0.0,1.0125805
nhr-108,0.0,0.20659548,0.0,0.0,0.0,0.0
nhr-109,0.0,1.2395729,0.0,0.0,0.0,0.0
nhr-110,0.9607164,0.20659548,0.98772824,0.0,0.0,0.0
nhr-111,0.0,0.20659548,0.98772824,0.0,0.0,0.0
nhr-112,0.9607164,0.61978644,0.0,0.0,0.0,0.0
nhr-114,3.8428657,4.5451007,6.914098,28.380564,0.0,3.0377414
nhr-115,2.8821492,0.61978644,0.0,0.0,0.0,0.0
nhr-116,0.0,0.20659548,0.0,0.0,0.0,1.0125805
nhr-117,0.0,0.20659548,0.98772824,9.460188,0.0,0.0
nhr-118,0.0,0.61978644,0.0,0.0,0.0,1.0125805
nhr-119,17.292896,15.0814705,7.901826,9.460188,0.0,8.100644
nhr-120,0.9607164,0.41319096,1.9754565,9.460188,0.0,3.0377414
nhr-121,0.0,0.41319096,0.0,0.0,0.0,1.0125805
nhr-122,0.0,3.3055277,2.9631846,0.0,0.0,3.0377414
nhr-123,0.0,0.41319096,0.0,9.460188,0.0,0.0
nhr-124,0.0,0.8263819,0.0,0.0,0.0,0.0
nhr-125,39.389374,21.48593,21.73002,170.28339,32.672203,9.113224
nhr-126,3.8428657,0.61978644,7.901826,9.460188,0.0,0.0
nhr-127,0.0,0.0,0.0,0.0,0.0,0.0
nhr-128,2.8821492,0.8263819,6.914098,0.0,0.0,0.0
nhr-129,3.8428657,3.5121233,4.938641,0.0,4.6674576,8.100644
nhr-130,0.0,0.41319096,3.950913,0.0,0.0,0.0
nhr-131,0.9607164,0.61978644,0.98772824,0.0,0.0,0.0
nhr-132,13.45003,10.329774,15.803652,18.920376,4.6674576,14.1761265
nhr-133,0.0,0.20659548,0.98772824,0.0,0.0,0.0
nhr-134,11.528597,8.057224,13.828196,0.0,18.66983,6.075483
nhr-135,26.90006,16.114449,45.435497,37.84075,4.6674576,9.113224
nhr-136,0.0,0.0,0.98772824,0.0,0.0,0.0
nhr-137,1.9214329,1.4461684,0.0,0.0,0.0,0.0
nhr-138,49.957256,59.706097,56.30051,18.920376,51.342033,85.05676
nob-1,2.8821492,1.4461684,0.98772824,0.0,121.3539,0.0
odd-1,0.9607164,0.0,0.0,0.0,0.0,0.0
odd-2,0.0,0.0,0.0,0.0,0.0,0.0
blmp-1,1.9214329,4.3385053,1.9754565,0.0,4.6674576,6.075483
odr-7,0.9607164,1.2395729,0.0,0.0,4.6674576,1.0125805
oma-1,0.0,0.20659548,0.0,9.460188,0.0,2.025161
pag-3,0.0,0.41319096,0.0,0.0,0.0,0.0
pal-1,3.8428657,1.0329775,0.0,0.0,0.0,0.0
pat-9,227.68979,174.98637,224.21431,113.522255,196.03322,225.80545
pax-1,0.0,0.20659548,0.0,0.0,0.0,1.0125805
pax-2,0.0,0.0,0.0,0.0,0.0,1.0125805
pax-3,0.0,0.61978644,0.98772824,0.0,0.0,1.0125805
peb-1,22.096478,44.41803,17.779108,28.380564,28.004745,21.26419
pes-1,0.0,0.0,0.0,0.0,0.0,0.0
pha-2,2.8821492,0.20659548,0.0,0.0,0.0,1.0125805
pha-4,3.8428657,1.4461684,0.98772824,0.0,9.334915,2.025161
php-3,0.0,0.61978644,0.0,0.0,634.77423,1.0125805
pie-1,0.9607164,0.61978644,0.0,0.0,0.0,1.0125805
plp-1,94.15021,136.97281,114.57648,113.522255,154.02611,169.10094
pop-1,9.607164,41.319096,27.656391,18.920376,18.66983,40.50322
pos-1,0.0,0.0,0.98772824,9.460188,0.0,1.0125805
pqm-1,0.0,0.20659548,0.0,0.0,0.0,0.0
pqn-75,0.0,0.20659548,0.0,0.0,0.0,0.0
prx-5,0.0,0.41319096,0.0,0.0,0.0,1.0125805
swsn-1,213.27905,192.75359,248.90752,189.20375,256.71017,170.11353
rbr-2,309.3507,310.7196,341.75397,189.20375,224.03796,339.21445
ref-1,0.0,1.0329775,0.0,0.0,0.0,0.0
ref-2,0.0,0.41319096,1.9754565,0.0,0.0,0.0
rnt-1,24.978628,53.714825,44.44777,9.460188,154.02611,101.25805
sbp-1,56.68227,55.987377,74.07962,18.920376,84.01424,48.603863
sdc-1,24.017912,23.75848,27.656391,0.0,28.004745,17.213867
sea-1,0.0,0.0,0.98772824,0.0,0.0,0.0
sel-7,2.8821492,4.9582915,9.877282,0.0,0.0,4.050322
sem-2,0.9607164,3.0989323,0.98772824,0.0,0.0,1.0125805
sem-4,8.646448,189.44806,31.607304,0.0,1180.8668,334.15155
sex-1,7.6857314,52.268658,23.705477,0.0,18.66983,46.5787
skn-1,367.9544,456.9892,422.74768,387.8677,261.37762,377.6925
sma-2,5.7642984,8.470415,5.926369,0.0,9.334915,11.138385
sma-3,51.87869,29.956345,50.37414,47.300938,0.0,25.314512
sma-4,0.9607164,7.8506284,2.9631846,0.0,4.6674576,5.0629025
sma-9,639.83716,583.83887,536.3364,624.3724,541.4251,603.498
sox-2,0.0,2.2725503,0.98772824,0.0,0.0,0.0
sox-3,0.0,0.0,3.950913,0.0,0.0,0.0
spe-10,0.0,0.61978644,0.0,0.0,0.0,0.0
spr-1,22.096478,34.708042,36.545944,28.380564,18.66983,41.5158
spr-3,18.253613,20.866144,18.766836,47.300938,23.337288,28.352253
spr-4,169.08609,149.78172,166.92607,236.5047,107.351524,159.98772
F26F4.8,0.0,0.41319096,0.0,0.0,0.0,1.0125805
tab-1,0.0,0.0,0.0,0.0,0.0,0.0
ctbp-1,50.917973,2.6857412,2.9631846,151.363,0.0,3.0377414
tag-68,56.68227,21.48593,36.545944,141.90282,32.672203,33.415157
svh-5,125.85385,268.78073,161.98743,85.14169,112.01898,152.89966
let-391,10.567881,14.255089,12.840467,18.920376,9.334915,17.213867
tbp-1,18.253613,12.80892,8.889554,0.0,14.002373,19.239029
tbx-2,58.603703,57.846737,19.754564,9.460188,23.337288,26.327093
tbx-7,0.0,0.41319096,0.98772824,0.0,4.6674576,1.0125805
tbx-8,0.0,0.0,0.0,0.0,0.0,0.0
tbx-9,0.0,0.41319096,0.0,0.0,0.0,0.0
tbx-11,0.0,0.0,0.0,0.0,0.0,0.0
tbx-32,0.9607164,0.41319096,0.0,0.0,0.0,0.0
tbx-33,1.9214329,1.4461684,1.9754565,0.0,4.6674576,2.025161
tbx-35,0.0,0.0,0.0,0.0,0.0,0.0
tbx-36,2.8821492,0.20659548,0.98772824,0.0,4.6674576,0.0
tbx-37,0.0,0.20659548,0.0,0.0,0.0,0.0
tbx-38,0.0,0.8263819,0.98772824,0.0,0.0,1.0125805
tbx-39,0.0,0.0,0.0,0.0,0.0,0.0
tbx-40,0.0,0.0,0.98772824,0.0,0.0,0.0
tlp-1,34.585793,297.4975,124.45376,0.0,410.73627,287.57285
tra-1,503.4154,534.6691,573.8701,444.6288,924.1566,617.6741
ttx-1,0.9607164,1.2395729,0.0,0.0,4.6674576,2.025161
ttx-3,1.9214329,0.41319096,0.0,0.0,0.0,1.0125805
uaf-2,136.42174,175.19298,223.22658,113.522255,158.69356,205.55383
unc-3,1.9214329,1.4461684,0.0,0.0,9.334915,3.0377414
unc-4,0.9607164,0.41319096,0.0,0.0,4.6674576,1.0125805
unc-30,0.0,0.8263819,0.0,0.0,0.0,0.0
unc-39,0.0,0.41319096,0.98772824,9.460188,0.0,0.0
unc-42,0.0,0.41319096,0.0,0.0,0.0,0.0
unc-55,1.9214329,0.41319096,0.98772824,0.0,4.6674576,1.0125805
unc-62,1027.0059,240.47714,691.4098,56.761127,23.337288,251.11996
unc-86,0.0,2.4791458,0.98772824,0.0,0.0,0.0
unc-98,415.0295,316.0911,282.49026,775.7354,261.37762,305.79932
unc-130,6.725015,25.204649,14.815924,0.0,51.342033,51.641605
vab-3,0.0,3.3055277,1.9754565,0.0,0.0,1.0125805
vab-7,1.9214329,0.41319096,0.98772824,0.0,4.6674576,0.0
vab-15,13.45003,38.633354,17.779108,0.0,18.66983,32.402576
xbp-1,342.97577,506.98532,347.68033,321.6464,620.77185,484.01346
zag-1,1.9214329,3.0989323,3.950913,0.0,9.334915,4.050322
zip-1,51.87869,62.18524,69.140976,85.14169,23.337288,55.691925
zyx-1,1941.6079,2077.111,1917.1805,1210.904,1703.6221,2072.7522
mdt-29,37.46794,33.88166,42.472313,47.300938,23.337288,32.402576
pbrm-1,171.96825,153.29385,150.13469,113.522255,177.36339,185.30223
nfx-1,139.30388,171.26765,150.13469,132.44263,102.68407,207.579
dmd-6,307.42926,286.54794,284.46573,520.3103,294.04984,242.00673
2L52.1,15.371463,16.734234,8.889554,9.460188,28.004745,15.188707
B0019.2,17.292896,19.006784,22.717749,0.0,37.33966,27.339672
C01F6.9,72.053734,69.00289,66.177795,28.380564,56.00949,74.930954
madf-5,1.9214329,0.8263819,0.0,0.0,4.6674576,0.0
nhr-150,0.9607164,0.20659548,0.0,0.0,0.0,0.0
ceh-57,0.0,0.20659548,0.0,0.0,0.0,0.0
ceh-58,9.607164,11.362752,4.938641,0.0,28.004745,6.075483
npax-4,0.0,0.0,0.98772824,0.0,0.0,0.0
nhr-153,2.8821492,0.61978644,2.9631846,0.0,4.6674576,2.025161
nhr-154,9.607164,7.230842,15.803652,18.920376,23.337288,10.125805
dhhc-7,16.33218,9.090201,10.86501,0.0,14.002373,9.113224
C17E4.6,118.16812,97.09988,86.92008,141.90282,70.01186,85.05676
spe-44,0.0,0.0,0.98772824,0.0,4.6674576,0.0
ceh-79,41.310806,26.857412,37.533672,9.460188,28.004745,14.1761265
rad-26,77.81803,94.41414,104.699196,37.84075,88.681694,108.34611
dmd-4,0.0,0.41319096,1.9754565,0.0,0.0,2.025161
C34B4.2,805.0804,767.29565,899.82043,737.89465,457.41086,562.99475
dmd-10,0.0,1.6527638,1.9754565,0.0,9.334915,0.0
zip-5,0.0,0.41319096,0.0,0.0,0.0,1.0125805
C34F6.9,48.99654,87.38989,77.0428,28.380564,93.34915,104.29579
C35D6.4,0.0,0.0,0.0,0.0,0.0,0.0
irx-1,239.2184,151.4345,310.14667,245.96487,9.334915,175.17642
C38D4.7,0.0,0.0,0.0,0.0,0.0,0.0
nhr-164,0.9607164,0.20659548,0.0,0.0,0.0,1.0125805
athp-1,28.821493,20.452953,26.668663,18.920376,23.337288,47.59128
C44F1.1,1.9214329,0.0,0.98772824,0.0,0.0,3.0377414
gmeb-3,0.0,0.0,0.0,0.0,0.0,0.0
nhr-165,0.0,0.41319096,0.0,0.0,0.0,1.0125805
ceh-88,10.567881,15.0814705,13.828196,18.920376,9.334915,19.239029
nhr-168,4.803582,3.7187188,11.852738,0.0,0.0,4.050322
nhr-169,0.0,0.20659548,0.0,0.0,0.0,0.0
nhr-170,0.0,0.20659548,0.0,0.0,0.0,0.0
D1046.2,10.567881,10.742965,7.901826,18.920376,0.0,30.377415
cdc-5L,69.171585,90.902016,73.09189,56.761127,84.01424,86.06934
D2030.7,17.292896,7.4374375,9.877282,0.0,0.0,4.050322
F08G12.3,2.8821492,2.6857412,3.950913,0.0,4.6674576,3.0377414
dhhc-1,58.603703,54.9544,68.15325,47.300938,56.00949,62.77999
nhr-262,0.0,0.41319096,0.0,0.0,0.0,0.0
nhr-175,0.0,0.0,0.0,0.0,0.0,0.0
F10B5.3,0.0,0.20659548,0.98772824,0.0,0.0,1.0125805
repo-1,16.33218,28.096987,25.680935,18.920376,37.33966,26.327093
ztf-2,2.8821492,3.0989323,3.950913,0.0,9.334915,4.050322
nhr-264,0.0,0.0,0.0,0.0,0.0,0.0
nhr-176,0.0,0.0,0.0,0.0,0.0,0.0
F16B12.6,45.15367,35.74102,54.325054,18.920376,32.672203,50.629025
nhr-281,0.0,0.61978644,0.0,28.380564,0.0,1.0125805
nhr-27,37.46794,28.303581,40.496857,18.920376,79.34678,40.50322
plp-2,0.0,1.0329775,0.0,9.460188,4.6674576,1.0125805
myrf-2,586.99774,572.8893,534.36096,841.9567,658.1115,538.6928
F21D5.9,0.0,0.41319096,0.0,0.0,0.0,0.0
F22D6.2,637.9157,724.94354,587.6983,917.6382,788.80035,550.84375
bed-3,1.9214329,2.065955,2.9631846,9.460188,0.0,2.025161
F26H9.2,178.69325,116.72645,139.26968,321.6464,205.36813,137.71094
nurf-1,660.0122,616.27435,826.7285,359.48712,606.7695,722.9825
F27D4.4,135.46101,165.48299,150.13469,198.66394,172.69594,203.52867
F27D4.6,41.310806,36.98059,27.656391,56.761127,32.672203,57.717087
aptf-4,0.0,1.0329775,0.98772824,0.0,0.0,0.0
aptf-3,0.0,0.0,0.0,0.0,0.0,0.0
ceh-89,3.8428657,3.5121233,2.9631846,9.460188,0.0,5.0629025
F33H1.4,31.703642,35.74102,36.545944,66.22131,46.674576,46.5787
zfp-2,10.567881,17.560616,13.828196,0.0,23.337288,10.125805
madf-2,14.410747,16.734234,16.79138,9.460188,9.334915,13.163547
row-1,21.135761,37.806973,28.64412,28.380564,28.004745,49.616444
ccch-1,536.0798,379.3093,430.6495,595.9918,238.04034,336.17673
ccch-2,0.0,0.0,0.0,0.0,0.0,0.0
F38C2.7,0.0,0.20659548,0.0,0.0,0.0,0.0
hlh-31,0.0,0.0,0.0,0.0,0.0,0.0
hinf-1,17.292896,18.180403,16.79138,0.0,18.66983,20.25161
psa-3,0.9607164,2.4791458,1.9754565,0.0,0.0,0.0
drap-1,209.43619,209.07463,206.4352,170.28339,163.36102,177.20158
nhr-265,0.0,0.41319096,0.0,0.0,0.0,0.0
F43G9.12,39.389374,41.938885,54.325054,28.380564,42.00712,44.55354
sptf-1,0.9607164,0.61978644,0.0,0.0,0.0,0.0
ztf-7,966.4807,1649.0452,1218.8567,823.0363,1792.3037,2072.7522
hmg-6,0.0,0.0,0.0,0.0,0.0,0.0
lsy-27,0.0,0.20659548,0.0,0.0,0.0,0.0
efl-3,0.9607164,0.8263819,0.98772824,0.0,0.0,1.0125805
F52B5.7,5.7642984,8.470415,0.98772824,0.0,0.0,8.100644
lsl-1,0.9607164,3.9253142,8.889554,0.0,0.0,4.050322
ztf-11,0.9607164,3.0989323,0.98772824,0.0,4.6674576,6.075483
frpr-9,0.0,0.0,0.98772824,0.0,0.0,0.0
klf-2,0.0,0.0,0.0,0.0,0.0,0.0
gmeb-2,5.7642984,8.677011,14.815924,9.460188,9.334915,7.0880632
saeg-1,600.44775,847.0415,657.827,539.2307,690.78375,708.80634
F55B11.4,0.0,0.20659548,0.0,0.0,0.0,0.0
ztf-26,102.79666,56.193974,99.76055,94.601875,14.002373,4.050322
F57A8.1,90.30734,66.11056,58.275967,85.14169,112.01898,154.92482
nhr-192,0.0,0.20659548,0.0,0.0,0.0,0.0
nhr-283,0.0,0.0,0.0,0.0,0.0,1.0125805
nhr-193,0.0,0.0,0.0,0.0,0.0,0.0
sta-2,0.9607164,1.4461684,0.0,0.0,0.0,3.0377414
F58G1.2,10.567881,16.52764,30.619576,9.460188,28.004745,21.26419
dhhc-12,0.0,0.0,0.0,0.0,0.0,0.0
memi-3,0.0,0.0,0.0,0.0,0.0,0.0
nhr-267,0.0,0.0,0.0,0.0,0.0,0.0
fozi-1,1.9214329,2.065955,3.950913,0.0,0.0,21.26419
rnf-113,20.175045,25.61784,27.656391,37.84075,9.334915,34.427734
K04C1.3,7.6857314,11.156157,9.877282,0.0,14.002373,10.125805
nhr-196,0.0,0.41319096,0.98772824,0.0,0.0,0.0
nhr-268,0.0,0.0,0.0,0.0,0.0,0.0
nhr-197,0.0,0.0,0.0,0.0,0.0,0.0
nhr-198,0.0,0.20659548,0.0,0.0,0.0,0.0
nhr-199,0.9607164,0.20659548,0.0,0.0,0.0,0.0
K07A12.1,41.310806,57.64014,51.36187,0.0,51.342033,49.616444
K09A11.1,22.096478,9.296797,7.901826,9.460188,28.004745,10.125805
K11H3.4,0.0,0.61978644,0.98772824,0.0,0.0,0.0
somi-1,1152.8597,1211.8892,1250.464,1485.2495,1101.52,1111.8134
dhhc-6,17.292896,17.560616,11.852738,28.380564,23.337288,18.226448
ztf-14,75.8966,142.34428,117.53966,170.28339,18.66983,89.10708
ceh-90,0.0,0.20659548,0.0,9.460188,0.0,0.0
nhr-205,0.9607164,2.8923368,0.98772824,18.920376,0.0,1.0125805
R06C1.6,52.839405,41.73229,34.570488,56.761127,65.344406,28.352253
ztf-15,2.8821492,0.61978644,0.98772824,9.460188,0.0,0.0
ceh-62,1.9214329,1.6527638,5.926369,0.0,4.6674576,2.025161
nhr-206,3.8428657,0.8263819,0.98772824,9.460188,0.0,2.025161
nhr-207,0.0,0.0,0.0,0.0,0.0,0.0
nhr-208,0.9607164,0.0,0.0,0.0,0.0,0.0
nhr-209,18.253613,3.7187188,11.852738,9.460188,4.6674576,1.0125805
R07E5.5,0.0,0.0,0.0,0.0,0.0,0.0
zip-6,0.0,0.8263819,0.98772824,0.0,0.0,0.0
nhr-269,0.9607164,0.41319096,0.0,0.0,0.0,0.0
R10E4.11,4.803582,9.090201,8.889554,0.0,9.334915,31.389996
npax-3,7.6857314,1.4461684,0.0,0.0,0.0,3.0377414
miz-1,80.70018,119.2056,103.711464,18.920376,84.01424,186.3148
mbr-1,5.7642984,2.065955,0.98772824,0.0,4.6674576,3.0377414
hlh-34,0.0,0.0,0.0,0.0,0.0,1.0125805
gla-3,0.0,0.41319096,0.98772824,0.0,4.6674576,2.025161
nhr-271,0.0,0.20659548,1.9754565,0.0,0.0,1.0125805
pzf-1,0.0,0.41319096,0.0,0.0,0.0,0.0
nhr-213,0.0,0.0,0.0,0.0,4.6674576,0.0
nhr-272,0.0,0.0,0.0,0.0,0.0,0.0
nhr-214,0.0,0.41319096,0.0,0.0,0.0,0.0
nhr-26,0.0,0.61978644,0.98772824,0.0,0.0,0.0
madf-4,0.0,0.20659548,0.0,0.0,0.0,0.0
T07D10.3,0.0,0.20659548,0.0,0.0,0.0,0.0
zim-1,0.9607164,0.61978644,2.9631846,0.0,0.0,2.025161
zim-2,0.0,1.6527638,0.98772824,0.0,0.0,0.0
zim-3,2.8821492,0.61978644,0.98772824,0.0,0.0,0.0
nfya-1,12.489314,5.7846737,9.877282,9.460188,4.6674576,7.0880632
nhr-217,0.0,0.0,0.0,0.0,0.0,0.0
ztf-27,36.507225,42.765266,50.37414,0.0,42.00712,33.415157
rbm-22,49.957256,43.798244,59.263695,56.761127,56.00949,33.415157
nhr-218,0.9607164,0.20659548,0.0,0.0,0.0,2.025161
T20F10.2,88.38591,73.3414,80.99371,75.6815,28.004745,97.207726
T22C8.3,11.528597,18.593594,12.840467,0.0,9.334915,6.075483
sptf-2,0.9607164,2.6857412,1.9754565,0.0,0.0,3.0377414
T23F11.4,0.9607164,1.2395729,2.9631846,0.0,4.6674576,5.0629025
saeg-2,30.742926,28.716772,26.668663,18.920376,23.337288,34.427734
jun-1,33.625076,56.607162,43.46004,28.380564,42.00712,74.930954
nhr-285,0.0,0.0,0.0,0.0,0.0,0.0
T27A8.2,0.0,0.0,0.0,0.0,0.0,0.0
hmg-20,0.9607164,2.2725503,0.98772824,9.460188,9.334915,5.0629025
W02D9.4,0.0,0.20659548,0.0,0.0,0.0,1.0125805
ccch-3,5.7642984,4.9582915,4.938641,9.460188,4.6674576,2.025161
zip-3,19.214329,46.27739,60.251423,0.0,18.66983,30.377415
Y5F2A.4,21.135761,25.61784,26.668663,0.0,18.66983,20.25161
ztf-25,0.0,0.20659548,0.0,0.0,0.0,0.0
flh-1,0.9607164,2.6857412,2.9631846,0.0,0.0,0.0
flh-3,0.0,1.0329775,0.0,0.0,0.0,1.0125805
nhr-230,3.8428657,2.065955,6.914098,0.0,0.0,10.125805
nhr-231,0.0,0.41319096,0.0,0.0,0.0,0.0
Y17G7B.20,377.56155,463.18707,464.23227,331.10657,597.4346,655.1396
nhr-232,0.9607164,2.065955,1.9754565,0.0,0.0,0.0
cec-7,7.6857314,19.626572,19.754564,9.460188,4.6674576,13.163547
ceh-100,141.22531,136.97281,180.75427,47.300938,182.03085,108.34611
nhr-234,0.0,0.0,0.98772824,0.0,0.0,0.0
rabx-5,57.642986,61.35886,53.337326,66.22131,28.004745,53.666763
bed-1,15.371463,16.734234,8.889554,47.300938,18.66983,7.0880632
ztf-20,1.9214329,1.6527638,0.0,0.0,9.334915,1.0125805
nhr-145,10.567881,6.1978645,9.877282,18.920376,4.6674576,3.0377414
snpc-1.2,15.371463,33.05528,27.656391,9.460188,14.002373,36.452896
dhhc-8,30.742926,34.088253,51.36187,18.920376,60.67695,50.629025
sptf-3,76.857315,69.00289,63.214607,66.22131,88.681694,78.98128
dmd-3,3.8428657,3.0989323,0.0,0.0,0.0,3.0377414
bed-2,24.017912,28.303581,27.656391,0.0,84.01424,33.415157
dhhc-2,31.703642,11.362752,13.828196,9.460188,14.002373,9.113224
sup-35,4.803582,2.8923368,0.98772824,28.380564,0.0,0.0
ztf-22,130.65744,129.74196,113.588745,132.44263,84.01424,130.62288
Y48C3A.12,51.87869,37.806973,38.5214,56.761127,74.67932,36.452896
lin-38,9.607164,10.742965,7.901826,9.460188,0.0,9.113224
ing-3,54.760838,61.77205,68.15325,75.6815,98.01661,48.603863
mcd-1,31.703642,23.138695,32.59503,9.460188,70.01186,34.427734
zip-7,0.0,0.41319096,0.0,0.0,0.0,1.0125805
sta-1,63.407284,51.029083,45.435497,37.84075,51.342033,56.704506
dxbp-1,22.096478,21.072739,14.815924,0.0,42.00712,21.26419
eyg-1,0.0,0.41319096,0.0,0.0,0.0,0.0
Y53H1A.2,15.371463,16.52764,10.86501,0.0,4.6674576,26.327093
Y56A3A.18,51.87869,61.152264,65.19006,0.0,56.00949,79.99386
Y56A3A.28,23.057194,18.180403,28.64412,75.6815,46.674576,27.339672
Y57A10A.31,13.45003,11.569347,16.79138,18.920376,4.6674576,21.26419
ccch-5,0.0,0.20659548,0.0,0.0,0.0,0.0
Y60A9.3,0.0,0.0,0.0,0.0,0.0,0.0
memi-2,0.9607164,0.0,0.0,0.0,0.0,0.0
aptf-2,7.6857314,5.164887,2.9631846,0.0,4.6674576,1.0125805
ceh-91,7.6857314,4.9582915,5.926369,9.460188,0.0,7.0880632
ztf-29,0.0,0.41319096,1.9754565,0.0,0.0,0.0
Y67H2A.10,27.860777,40.69931,45.435497,37.84075,65.344406,57.717087
nhr-276,0.9607164,0.61978644,0.98772824,0.0,0.0,0.0
zip-12,0.0,0.0,0.98772824,0.0,0.0,1.0125805
Y79H2A.3,195.02544,192.96019,169.88925,75.6815,163.36102,223.78029
ceh-51,0.9607164,0.8263819,0.0,0.0,0.0,0.0
nhr-243,0.9607164,1.6527638,1.9754565,9.460188,0.0,4.050322
atg-4.1,55.721554,39.666332,43.46004,9.460188,14.002373,25.314512
Y105C5A.15,172.92896,168.58191,148.15924,179.74356,205.36813,133.66063
hlh-32,0.0,0.0,0.0,0.0,0.0,0.0
ekl-4,31.703642,31.402514,29.631847,9.460188,9.334915,35.440315
madf-10,8.646448,5.164887,1.9754565,0.0,0.0,0.0
Y111B2A.10,71.09302,70.035866,85.93236,18.920376,46.674576,79.99386
dct-13,0.0,0.0,0.0,0.0,0.0,0.0
Y116A8C.19,0.0,0.0,0.0,0.0,0.0,0.0
Y116A8C.20,0.0,0.0,0.0,0.0,0.0,0.0
athp-3,0.0,0.20659548,0.98772824,0.0,0.0,0.0
ceh-74,5.7642984,2.4791458,2.9631846,0.0,0.0,5.0629025
atfs-1,252.66843,240.06395,221.25113,454.08902,130.68881,212.6419
ztf-9,9.607164,11.569347,7.901826,0.0,9.334915,8.100644
klu-1,38.428658,28.716772,32.59503,47.300938,37.33966,25.314512
hizr-1,0.9607164,0.0,0.0,0.0,0.0,0.0
ZK673.4,8.646448,6.6110554,5.926369,0.0,4.6674576,7.0880632
nhr-255,0.0,0.0,0.0,0.0,0.0,0.0
dhhc-4,16.33218,27.064009,26.668663,28.380564,18.66983,24.301931
sdz-38,0.0,0.20659548,0.0,0.0,0.0,0.0
nhr-245,0.0,0.20659548,0.0,9.460188,0.0,0.0
nhr-247,0.0,0.0,0.0,0.0,0.0,0.0
ttll-4,262.27557,152.67406,205.44748,274.34543,84.01424,111.38385
ZK1320.3,0.0,0.0,0.0,0.0,0.0,1.0125805
B0238.11,34.585793,28.510178,34.570488,9.460188,51.342033,63.79257
B0261.1,90.30734,96.2735,115.5642,56.761127,112.01898,131.63547
B0310.2,4.803582,2.4791458,9.877282,0.0,0.0,0.0
B0336.7,27.860777,25.204649,21.73002,0.0,4.6674576,41.5158
gmeb-1,92.228775,126.22984,84.944626,85.14169,158.69356,114.42159
C02F5.12,52.839405,35.534424,46.423225,104.062065,56.00949,47.59128
nhr-147,0.0,0.41319096,0.0,9.460188,0.0,0.0
nhr-148,0.0,0.20659548,0.0,0.0,0.0,0.0
C04F5.9,12.489314,14.048493,24.693207,28.380564,0.0,13.163547
attf-4,67.25015,71.68864,77.0428,85.14169,74.67932,55.691925
nhr-76,3.8428657,2.2725503,0.98772824,0.0,0.0,1.0125805
ztf-30,0.0,0.61978644,0.0,0.0,0.0,0.0
C06E2.1,0.0,0.20659548,0.0,0.0,0.0,10.125805
ceh-53,0.0,0.20659548,0.0,0.0,0.0,0.0
nhr-152,0.0,0.41319096,0.0,0.0,0.0,1.0125805
sox-4,3.8428657,0.20659548,0.0,0.0,0.0,0.0
nhr-155,0.0,0.0,0.98772824,0.0,0.0,0.0
C16A3.4,71.09302,122.09793,119.515114,94.601875,107.351524,121.50966
nhr-257,0.0,0.0,0.0,0.0,0.0,0.0
nhr-156,0.0,1.6527638,1.9754565,0.0,0.0,1.0125805
nhr-158,0.0,0.0,0.0,0.0,0.0,0.0
ceh-48,0.0,1.4461684,0.98772824,0.0,4.6674576,0.0
swsn-2.2,10.567881,11.569347,9.877282,18.920376,14.002373,11.138385
elt-7,0.0,0.0,0.0,0.0,0.0,0.0
elf-1,1.9214329,4.3385053,0.0,9.460188,9.334915,1.0125805
nhr-30,0.9607164,0.41319096,0.0,0.0,0.0,0.0
nhr-258,0.0,0.20659548,0.0,0.0,0.0,0.0
flh-2,48.035824,76.85352,59.263695,47.300938,56.00949,74.930954
dpff-1,42.271523,46.69058,48.398685,37.84075,79.34678,47.59128
nhr-161,0.0,0.41319096,0.0,0.0,0.0,0.0
nhr-139,0.9607164,0.0,0.98772824,0.0,4.6674576,0.0
nhr-140,0.0,0.8263819,0.0,0.0,0.0,0.0
nhr-162,0.9607164,0.41319096,0.0,0.0,0.0,1.0125805
nhr-163,0.9607164,0.0,0.0,0.0,0.0,0.0
zgpa-1,23.057194,37.60038,19.754564,0.0,28.004745,51.641605
nhr-260,0.9607164,0.0,0.0,0.0,0.0,0.0
ets-5,0.9607164,1.2395729,0.98772824,0.0,0.0,1.0125805
dhhc-9,10.567881,15.288066,16.79138,0.0,28.004745,20.25161
C46E10.8,0.0,0.20659548,0.0,0.0,0.0,0.0
C46E10.9,0.0,0.20659548,0.98772824,0.0,0.0,0.0
C46H3.2,19.214329,4.5451007,2.9631846,56.761127,0.0,2.025161
nhr-166,0.0,0.0,0.0,0.0,0.0,0.0
nhr-261,0.0,0.0,0.0,0.0,0.0,0.0
ets-8,0.0,0.0,0.0,0.0,0.0,0.0
ets-9,0.0,0.41319096,0.0,0.0,0.0,1.0125805
lst-5,0.9607164,1.0329775,0.98772824,0.0,0.0,1.0125805
ztf-3,16.33218,9.090201,18.766836,56.761127,23.337288,17.213867
nhr-171,0.0,0.20659548,0.0,9.460188,0.0,0.0
nhr-172,0.9607164,0.61978644,0.98772824,0.0,0.0,0.0
scrt-1,0.0,0.0,0.0,0.0,0.0,0.0
nhr-173,40.35009,20.039762,30.619576,18.920376,4.6674576,18.226448
cebp-1,106.63953,101.85157,96.79737,66.22131,168.02847,100.24547
nhr-36,3.8428657,0.20659548,1.9754565,9.460188,0.0,2.025161
attf-2,193.104,208.24825,236.06705,151.363,140.02373,213.65448
dmd-5,0.9607164,0.8263819,0.0,0.0,0.0,1.0125805
F10E7.11,0.9607164,0.0,0.0,0.0,0.0,1.0125805
nhr-263,0.0,0.0,0.0,0.0,0.0,0.0
sdz-12,0.0,0.20659548,0.0,0.0,0.0,0.0
F13C5.2,87.42519,95.860306,89.88327,85.14169,60.67695,121.50966
bcl-11,427.51883,247.91458,291.37982,633.8326,359.39423,342.2522
nhr-177,0.0,0.0,0.0,0.0,0.0,0.0
nhr-178,0.9607164,0.41319096,0.98772824,0.0,0.0,1.0125805
nhr-179,0.0,0.41319096,0.0,0.0,0.0,0.0
atf-8,1.9214329,1.4461684,0.98772824,0.0,4.6674576,4.050322
ceh-49,21.135761,2.8923368,11.852738,94.601875,0.0,6.075483
F19F10.1,0.0,0.0,0.0,0.0,0.0,1.0125805
ets-7,0.0,0.20659548,0.0,0.0,0.0,0.0
F21A9.2,3.8428657,6.40446,0.0,9.460188,0.0,61.76741
npax-1,0.0,0.8263819,0.0,0.0,0.0,0.0
ceh-60,1.9214329,3.9253142,2.9631846,0.0,0.0,0.0
ubxn-1,34.585793,30.162941,34.570488,66.22131,9.334915,29.364834
nfyc-1,4.803582,4.9582915,5.926369,0.0,0.0,4.050322
zip-8,0.9607164,0.8263819,0.0,0.0,0.0,0.0
nhr-141,0.0,0.0,0.98772824,0.0,0.0,1.0125805
F26A10.2,822.3733,548.09784,831.6672,520.3103,368.72916,525.52924
nhr-180,0.0,0.0,0.0,0.0,0.0,3.0377414
ada-2,40.35009,38.83995,49.386414,18.920376,23.337288,46.5787
dhhc-3,42.271523,40.079525,49.386414,0.0,51.342033,40.50322
ceh-87,5.7642984,2.8923368,6.914098,0.0,0.0,6.075483
ztf-28,0.0,0.41319096,0.98772824,0.0,0.0,0.0
F37B4.10,3.8428657,4.13191,3.950913,0.0,9.334915,9.113224
nhr-181,1.9214329,0.20659548,0.98772824,0.0,0.0,0.0
F40G9.14,0.0,0.0,0.0,0.0,0.0,0.0
nhr-182,7.6857314,13.428706,14.815924,9.460188,4.6674576,3.0377414
nhr-183,0.0,0.41319096,0.0,0.0,0.0,1.0125805
ceh-86,0.0,0.20659548,0.0,0.0,0.0,1.0125805
F43C11.7,0.0,0.0,0.0,0.0,0.0,0.0
nhr-39,0.9607164,0.41319096,1.9754565,0.0,0.0,0.0
nhr-37,0.0,0.20659548,0.0,0.0,0.0,0.0
nhr-184,6.725015,2.8923368,2.9631846,0.0,0.0,0.0
F44E2.7,44.192955,47.10377,67.16552,56.761127,46.674576,87.081924
nhr-142,0.9607164,1.4461684,2.9631846,9.460188,0.0,0.0
ceh-82,0.0,0.0,0.0,0.0,0.0,0.0
ceh-83,0.9607164,0.8263819,0.98772824,0.0,0.0,1.0125805
nhr-185,0.0,0.20659548,0.0,0.0,0.0,1.0125805
nhr-186,0.0,0.20659548,0.98772824,0.0,0.0,0.0
nhr-187,0.0,0.0,0.0,0.0,0.0,1.0125805
nhr-188,0.9607164,0.41319096,0.0,0.0,0.0,0.0
nhr-189,0.9607164,0.61978644,0.98772824,0.0,0.0,0.0
npax-2,0.0,0.20659548,0.0,0.0,4.6674576,0.0
nhr-190,8.646448,9.090201,13.828196,0.0,14.002373,2.025161
ztf-13,39.389374,51.029083,33.58276,0.0,42.00712,43.540962
tra-4,17.292896,22.105717,15.803652,66.22131,23.337288,22.27677
hmbx-1,27.860777,19.833166,19.754564,47.300938,37.33966,40.50322
ztf-1,0.9607164,1.2395729,1.9754565,0.0,0.0,1.0125805
F54F2.9,26.90006,29.543154,40.496857,66.22131,93.34915,38.478058
F56D1.1,30.742926,27.89039,20.742292,0.0,14.002373,30.377415
klf-1,0.9607164,0.0,1.9754565,0.0,0.0,7.0880632
F57C9.4,31.703642,32.228897,31.607304,28.380564,37.33966,44.55354
nhr-195,0.0,0.41319096,0.0,0.0,0.0,1.0125805
nhr-143,0.0,0.61978644,0.0,0.0,0.0,15.188707
madf-3,16.33218,15.494661,21.73002,47.300938,28.004745,27.339672
dhhc-13,0.0,0.41319096,0.0,0.0,0.0,0.0
zip-2,146.98961,249.56735,174.8279,132.44263,200.70068,192.39029
dhhc-10,10.567881,14.66828,8.889554,9.460188,18.66983,20.25161
lect-2,512.0619,269.1939,426.6986,236.5047,980.1661,450.5983
aptf-1,0.0,0.8263819,0.0,0.0,0.0,0.0
dmd-7,276.68634,154.12022,177.79108,283.80563,126.021355,137.71094
K10B3.5,59.56442,48.54994,63.214607,18.920376,18.66983,29.364834
cid-1,72.053734,82.431595,95.80964,37.84075,84.01424,94.16998
K11D12.12,5.7642984,3.0989323,2.9631846,0.0,0.0,2.025161
K12H6.12,9.607164,26.237627,26.668663,0.0,4.6674576,27.339672
nhr-201,0.0,1.6527638,0.98772824,0.0,0.0,1.0125805
nhr-202,0.0,0.0,0.98772824,0.0,0.0,0.0
nhr-203,1.9214329,0.20659548,0.98772824,0.0,0.0,2.025161
M03D4.4,50.917973,49.169724,69.140976,0.0,28.004745,25.314512
nhr-204,0.9607164,0.41319096,0.0,0.0,0.0,0.0
R02D3.7,17.292896,21.899122,17.779108,0.0,37.33966,23.28935
ceh-93,10.567881,21.072739,21.73002,9.460188,14.002373,32.402576
R05D3.3,2.8821492,3.9253142,0.98772824,0.0,0.0,7.0880632
ztf-16,0.0,1.0329775,4.938641,0.0,0.0,1.0125805
nhr-210,0.0,0.0,0.0,0.0,0.0,0.0
nhr-270,0.0,0.20659548,0.0,18.920376,0.0,0.0
dhhc-5,15.371463,4.9582915,2.9631846,9.460188,0.0,2.025161
R144.3,15.371463,8.057224,10.86501,9.460188,0.0,15.188707
nhr-211,0.0,0.61978644,1.9754565,0.0,0.0,0.0
nhr-212,0.0,0.0,0.0,0.0,0.0,1.0125805
attf-5,58.603703,60.945667,52.349598,47.300938,51.342033,99.23289
ast-1,0.9607164,0.61978644,1.9754565,0.0,0.0,0.0
nhr-216,0.0,1.4461684,0.0,9.460188,0.0,1.0125805
ztf-4,26.90006,26.237627,36.545944,18.920376,23.337288,33.415157
T10D4.6,33.625076,35.74102,43.46004,18.920376,56.00949,46.5787
nhr-273,0.0,0.20659548,0.0,0.0,0.0,0.0
ceh-54,1.9214329,0.0,0.0,0.0,0.0,1.0125805
nhr-219,0.0,1.0329775,0.0,0.0,0.0,0.0
T20F7.1,37.46794,41.938885,49.386414,28.380564,42.00712,56.704506
dhhc-11,0.0,0.20659548,0.0,0.0,0.0,0.0
dmd-8,0.0,0.0,0.0,85.14169,0.0,0.0
nhr-221,0.0,0.61978644,0.0,0.0,0.0,0.0
nhr-222,1.9214329,1.0329775,0.98772824,9.460188,0.0,0.0
T24C4.2,1.9214329,0.8263819,0.0,0.0,0.0,0.0
ztf-18,30.742926,28.096987,38.5214,18.920376,18.66983,24.301931
T24G10.2,29.78221,50.409298,43.46004,28.380564,28.004745,62.77999
T26A5.8,3.8428657,8.470415,9.877282,0.0,9.334915,6.075483
T26A8.4,112.403824,85.94372,77.0428,66.22131,84.01424,67.84289
nhr-225,0.9607164,0.20659548,0.0,0.0,0.0,0.0
nhr-226,0.0,0.0,1.9754565,0.0,0.0,0.0
nhr-227,0.9607164,0.61978644,0.0,0.0,0.0,0.0
nhr-228,16.33218,12.189134,9.877282,0.0,14.002373,13.163547
hlh-30,393.89374,577.8476,524.4837,567.61127,695.4512,622.737
W02D7.6,29.78221,25.204649,37.533672,9.460188,37.33966,33.415157
sknr-1,0.0,0.0,0.98772824,0.0,0.0,0.0
W03F9.2,0.9607164,8.057224,7.901826,9.460188,0.0,4.050322
zfp-3,91.26806,123.3375,94.82191,94.601875,60.67695,98.22031
zip-11,3.8428657,1.0329775,10.86501,0.0,0.0,1.0125805
nfyb-1,32.66436,43.59165,39.50913,18.920376,46.674576,44.55354
nhr-275,0.0,0.20659548,0.0,0.0,0.0,0.0
Y37E11B.1,2.8821492,5.164887,6.914098,0.0,0.0,4.050322
Y37F4.6,30.742926,25.824436,35.558216,37.84075,28.004745,34.427734
nhr-236,0.0,0.0,0.0,0.0,0.0,0.0
hlh-33,3.8428657,1.6527638,0.98772824,0.0,0.0,4.050322
rabs-5,35.54651,33.675064,53.337326,75.6815,46.674576,46.5787
zip-4,14.410747,32.43549,30.619576,18.920376,23.337288,19.239029
nhr-237,0.0,0.0,0.0,0.0,0.0,0.0
nhr-238,2.8821492,0.8263819,1.9754565,0.0,0.0,0.0
Y47G6A.7,24.978628,16.94083,25.680935,9.460188,14.002373,22.27677
Y48G8AL.10,38.428658,57.64014,48.398685,75.6815,51.342033,66.830315
Y48G9A.11,1.9214329,0.41319096,0.98772824,0.0,0.0,0.0
Y52E8A.2,0.9607164,0.0,0.0,0.0,0.0,0.0
Y53G8AR.9,57.642986,67.96992,71.11643,47.300938,79.34678,76.956116
ztf-23,14.410747,9.503392,7.901826,9.460188,9.334915,12.150966
nhr-239,1.9214329,0.0,0.0,0.0,0.0,1.0125805
Y55F3AM.14,274.7649,161.97086,329.90125,56.761127,14.002373,58.729668
madf-1,8.646448,3.3055277,2.9631846,0.0,0.0,5.0629025
Y66H1A.4,151.7932,314.43832,287.42892,75.6815,228.70543,398.9567
dmd-9,0.9607164,0.61978644,0.98772824,0.0,0.0,0.0
rcor-1,26.90006,55.574184,61.23915,47.300938,42.00712,104.29579
Y82E9BR.1,0.0,0.61978644,1.9754565,0.0,0.0,2.025161
Y82E9BR.17,0.0,0.8263819,0.98772824,0.0,4.6674576,0.0
nhr-277,1.9214329,0.41319096,0.0,0.0,0.0,1.0125805
nhr-41,0.9607164,2.065955,0.98772824,0.0,0.0,3.0377414
zfh-2,8.646448,7.644033,5.926369,0.0,0.0,5.0629025
duxl-1,27.860777,30.162941,28.64412,0.0,28.004745,24.301931
ZC204.12,0.9607164,0.0,0.0,0.0,0.0,0.0
klu-2,3.8428657,16.114449,15.803652,0.0,9.334915,4.050322
ztf-8,86.46448,75.82054,83.9569,37.84075,46.674576,97.207726
madf-9,81.6609,61.978645,71.11643,75.6815,32.672203,66.830315
nhr-252,0.0,0.0,0.0,0.0,0.0,0.0
nhr-253,0.0,0.20659548,0.0,0.0,0.0,0.0
nhr-254,0.0,0.0,0.0,0.0,0.0,0.0
ZK177.3,0.9607164,0.41319096,1.9754565,0.0,0.0,0.0
ZK185.1,4.803582,5.5780783,4.938641,0.0,4.6674576,8.100644
ZK328.6,86.46448,39.253143,38.5214,113.522255,37.33966,31.389996
nhr-251,0.0,0.20659548,0.0,0.0,0.0,0.0
ZK546.5,10.567881,14.255089,17.779108,0.0,37.33966,25.314512
ZK652.6,53.80012,65.28417,69.140976,85.14169,70.01186,54.679344
snu-23,33.625076,45.6576,38.5214,9.460188,18.66983,46.5787
ZK686.5,0.0,1.6527638,0.0,9.460188,0.0,0.0
nhr-256,33.625076,16.734234,21.73002,47.300938,9.334915,13.163547
ceh-45,0.9607164,0.20659548,0.0,0.0,0.0,1.0125805
nfya-2,7.6857314,7.230842,11.852738,0.0,9.334915,11.138385
egrh-2,1.9214329,1.8593594,11.852738,0.0,0.0,2.025161
ceh-99,0.0,0.41319096,0.98772824,0.0,0.0,1.0125805
syd-9,322.80072,328.90002,306.19574,122.98244,485.4156,502.23993
dhhc-14,24.978628,27.4772,27.656391,9.460188,4.6674576,28.352253
alr-1,19.214329,0.20659548,2.9631846,37.84075,4.6674576,1.0125805
C27A2.7,0.9607164,0.0,0.0,0.0,0.0,0.0
nsy-7,56.68227,54.541206,68.15325,0.0,42.00712,63.79257
nhr-286,4.803582,7.8506284,3.950913,0.0,0.0,1.0125805
bnc-1,0.0,0.8263819,0.0,0.0,0.0,1.0125805
tbx-43,0.9607164,0.8263819,0.0,9.460188,0.0,0.0
Y53C10A.15,0.0,0.0,0.0,0.0,0.0,0.0
ceh-63,2.8821492,1.2395729,0.98772824,0.0,0.0,2.025161
nhr-146,34.585793,19.21338,42.472313,18.920376,18.66983,29.364834
maf-1,2.8821492,0.61978644,0.98772824,9.460188,0.0,0.0
